key,value,timestamp,step,is_nan,run_uuid
num_rows,1256.0,1752434981462,0,0,37e456758e1041ab99f94dc03d35613f
num_columns,2.0,1752434981508,0,0,37e456758e1041ab99f94dc03d35613f
average_expected_price,211.24427243107914,1752435128901,0,0,2b65be671e4442138f03ea3eedfe70c2
conf_interval_low,209.1789065482741,1752435128939,0,0,2b65be671e4442138f03ea3eedfe70c2
conf_interval_high,213.29628960072077,1752435128975,0,0,2b65be671e4442138f03ea3eedfe70c2
expected_price,211.08749122903959,1752435130943,0,0,d34a3a00a6b7425a94bb86d8a836a94e
average_expected_price,211.08629107828287,1752435130979,0,0,d34a3a00a6b7425a94bb86d8a836a94e
expected_price,226.86488342285156,1752435162626,0,0,ba15591210df4d8b945ce7fa5094bc8a
average_expected_price,220.17710876464844,1752435162665,0,0,ba15591210df4d8b945ce7fa5094bc8a
expected_price_montecarlo,211.24427243107914,1752435180858,0,0,f88ad4a6567d4ae382ba78c6ee842f62
expected_price_arima,211.08749122903959,1752435180896,0,0,f88ad4a6567d4ae382ba78c6ee842f62
expected_price_lstm,226.86488342285156,1752435180934,0,0,f88ad4a6567d4ae382ba78c6ee842f62
hybrid_expected_price,216.3988823609901,1752435180975,0,0,f88ad4a6567d4ae382ba78c6ee842f62
average_expected_price_montecarlo,211.24427243107914,1752435181014,0,0,f88ad4a6567d4ae382ba78c6ee842f62
average_expected_price_arima,211.08629107828287,1752435181056,0,0,f88ad4a6567d4ae382ba78c6ee842f62
average_expected_price_lstm,220.17710876464844,1752435181094,0,0,f88ad4a6567d4ae382ba78c6ee842f62
hybrid_average_expected_price,214.16922409133682,1752435181135,0,0,f88ad4a6567d4ae382ba78c6ee842f62
num_rows,1256.0,1752436015509,0,0,c3018608986c4bf1b2eb0864f60493c8
num_columns,2.0,1752436015556,0,0,c3018608986c4bf1b2eb0864f60493c8
average_expected_price,211.22868259165605,1752436023123,0,0,afbfbe22b2ef4da2a712c63539e268b8
conf_interval_low,208.94655502456905,1752436023167,0,0,afbfbe22b2ef4da2a712c63539e268b8
conf_interval_high,213.4102440351656,1752436023214,0,0,afbfbe22b2ef4da2a712c63539e268b8
expected_price,211.08749000931184,1752436025467,0,0,1837076c2edc463f857320be290109ff
average_expected_price,211.0862898204142,1752436025510,0,0,1837076c2edc463f857320be290109ff
expected_price,215.2507781982422,1752436058402,0,0,dbde4656c64b479cb9b04380adae379d
average_expected_price,213.185546875,1752436058441,0,0,dbde4656c64b479cb9b04380adae379d
expected_price_montecarlo,211.22868259165605,1752436065122,0,0,b209d8c4cca940d79244cb97beb96d94
expected_price_arima,211.08749000931184,1752436065161,0,0,b209d8c4cca940d79244cb97beb96d94
expected_price_lstm,215.2507781982422,1752436065208,0,0,b209d8c4cca940d79244cb97beb96d94
hybrid_expected_price,212.52231693307002,1752436065245,0,0,b209d8c4cca940d79244cb97beb96d94
average_expected_price_montecarlo,211.22868259165605,1752436065283,0,0,b209d8c4cca940d79244cb97beb96d94
average_expected_price_arima,211.0862898204142,1752436065321,0,0,b209d8c4cca940d79244cb97beb96d94
average_expected_price_lstm,213.185546875,1752436065365,0,0,b209d8c4cca940d79244cb97beb96d94
hybrid_average_expected_price,211.8335064290234,1752436065401,0,0,b209d8c4cca940d79244cb97beb96d94
num_rows,753.0,1752931648100,0,0,29a9feec5cbe4c0bad987329b3dd0cd7
num_columns,2.0,1752931648130,0,0,29a9feec5cbe4c0bad987329b3dd0cd7
expected_price,510.0206331848086,1752931653051,0,0,73f627ecc1774a50867efc9b0254bb30
average_expected_price,510.00053110974403,1752931653081,0,0,73f627ecc1774a50867efc9b0254bb30
expected_price,354.1553955078125,1752931677594,0,0,9672b0cb270740efa97df3b2177d158a
average_expected_price,402.60699462890625,1752931677623,0,0,9672b0cb270740efa97df3b2177d158a
average_expected_price,510.0387552892937,1752931703603,0,0,26784f58499b4b159c872280a8b4a412
conf_interval_low,505.20218817813037,1752931703638,0,0,26784f58499b4b159c872280a8b4a412
conf_interval_high,514.6967484582926,1752931703673,0,0,26784f58499b4b159c872280a8b4a412
expected_price_montecarlo,510.0387552892937,1752931712808,0,0,e74d9edee50141208578fc9d4514c44e
expected_price_arima,510.0206331848086,1752931712842,0,0,e74d9edee50141208578fc9d4514c44e
expected_price_lstm,354.1553955078125,1752931712875,0,0,e74d9edee50141208578fc9d4514c44e
hybrid_expected_price,458.0715946606383,1752931712907,0,0,e74d9edee50141208578fc9d4514c44e
average_expected_price_montecarlo,510.0387552892937,1752931712937,0,0,e74d9edee50141208578fc9d4514c44e
average_expected_price_arima,510.00053110974403,1752931712966,0,0,e74d9edee50141208578fc9d4514c44e
average_expected_price_lstm,402.60699462890625,1752931713002,0,0,e74d9edee50141208578fc9d4514c44e
hybrid_average_expected_price,474.2154270093147,1752931713032,0,0,e74d9edee50141208578fc9d4514c44e
num_rows,753.0,1752938972541,0,0,c3cd6b08ab0441559073a5e8c4d7e09a
num_columns,2.0,1752938972569,0,0,c3cd6b08ab0441559073a5e8c4d7e09a
expected_price,510.02063389061453,1752938973855,0,0,9ce0672731db4e9ba64827c89cb8ddbd
average_expected_price,510.00053177835736,1752938975943,0,0,9ce0672731db4e9ba64827c89cb8ddbd
expected_price,408.277099609375,1752938986677,0,0,27d68f0a5869435caff3550aa81ea5c4
average_expected_price,439.7395324707031,1752938986704,0,0,27d68f0a5869435caff3550aa81ea5c4
num_rows,753.0,1752939150199,0,0,e793b4219a794b99a9be4b0b0ffe0b88
num_columns,2.0,1752939150223,0,0,e793b4219a794b99a9be4b0b0ffe0b88
average_expected_price,510.16456618991737,1752939151159,0,0,f59885676388424e9dba4a43aa6431be
conf_interval_low,505.5811859774928,1752939153288,0,0,f59885676388424e9dba4a43aa6431be
conf_interval_high,514.9074201929615,1752939153324,0,0,f59885676388424e9dba4a43aa6431be
expected_price,312.129638671875,1752939165890,0,0,a2150c2887fc46dd904fb44a3f62a27e
average_expected_price,359.8550109863281,1752939165916,0,0,a2150c2887fc46dd904fb44a3f62a27e
num_rows,753.0,1752939187928,0,0,411cbdd027d24cbeb30c5c1846ed651f
num_columns,2.0,1752939187959,0,0,411cbdd027d24cbeb30c5c1846ed651f
average_expected_price,510.3187583935408,1752939189094,0,0,22a096d1935b402793499a1042a0eb4f
conf_interval_low,505.6900047410084,1752939191441,0,0,22a096d1935b402793499a1042a0eb4f
conf_interval_high,514.9708277523572,1752939191477,0,0,22a096d1935b402793499a1042a0eb4f
expected_price,464.6099853515625,1752939205834,0,0,a1be2d30b2cb4936b87433b5204b9ef6
average_expected_price,478.3206481933594,1752939205865,0,0,a1be2d30b2cb4936b87433b5204b9ef6
num_rows,753.0,1752939228797,0,0,658a393394864a9f821cf74b321395b1
num_columns,2.0,1752939228830,0,0,658a393394864a9f821cf74b321395b1
average_expected_price,510.25463394764614,1752939229843,0,0,8fb66370162546ea914ac34b5c9f6b88
conf_interval_low,505.2367954329789,1752939232097,0,0,8fb66370162546ea914ac34b5c9f6b88
conf_interval_high,515.1557359609333,1752939232129,0,0,8fb66370162546ea914ac34b5c9f6b88
expected_price,504.2763977050781,1752939241989,0,0,b17c413b576843d88d35c4d0be93e984
average_expected_price,504.09393310546875,1752939242013,0,0,b17c413b576843d88d35c4d0be93e984
num_rows,753.0,1752939263948,0,0,bac728273c8d414dbb8303fee6601921
num_columns,2.0,1752939263975,0,0,bac728273c8d414dbb8303fee6601921
average_expected_price,510.06951994690996,1752939264906,0,0,93c91999cdb9428cb072670eb1780922
conf_interval_low,505.2774789614169,1752939267222,0,0,93c91999cdb9428cb072670eb1780922
conf_interval_high,514.9548646977264,1752939267254,0,0,93c91999cdb9428cb072670eb1780922
expected_price,423.21295166015625,1752939279967,0,0,67803295d6b54e0a8670043857da842f
average_expected_price,447.3782043457031,1752939279994,0,0,67803295d6b54e0a8670043857da842f
num_rows,753.0,1752939301912,0,0,3a5e793dec6e455aac6ae26897c7d471
num_columns,2.0,1752939301942,0,0,3a5e793dec6e455aac6ae26897c7d471
average_expected_price,510.1147090431701,1752939302895,0,0,92aac1667e064dbeb7385e058da26073
conf_interval_low,505.5542229884375,1752939305086,0,0,92aac1667e064dbeb7385e058da26073
conf_interval_high,514.642584282736,1752939305119,0,0,92aac1667e064dbeb7385e058da26073
expected_price,543.670654296875,1752939317936,0,0,070fd0f3f7584b66b9325b95c5f39ce4
average_expected_price,530.6836547851562,1752939317965,0,0,070fd0f3f7584b66b9325b95c5f39ce4
num_rows,753.0,1752939340388,0,0,89f2c663608a4b16ab10b550af041031
num_columns,2.0,1752939340420,0,0,89f2c663608a4b16ab10b550af041031
average_expected_price,510.08050413252505,1752939341344,0,0,172b95757d2342af811371226a4a6ebf
conf_interval_low,505.4339956925693,1752939343659,0,0,172b95757d2342af811371226a4a6ebf
conf_interval_high,514.7925994527228,1752939343693,0,0,172b95757d2342af811371226a4a6ebf
expected_price,394.75140380859375,1752939355875,0,0,db5dd245e775429da6963e769837d543
average_expected_price,426.35528564453125,1752939355907,0,0,db5dd245e775429da6963e769837d543
num_rows,753.0,1752939378638,0,0,cac1e241fcca4838a9a2222f7b798e8d
num_columns,2.0,1752939378670,0,0,cac1e241fcca4838a9a2222f7b798e8d
average_expected_price,510.16297280401494,1752939379609,0,0,0cb0064b1237412c977d67f36929f13b
conf_interval_low,505.49718023287465,1752939382447,0,0,0cb0064b1237412c977d67f36929f13b
conf_interval_high,515.1541114747848,1752939382481,0,0,0cb0064b1237412c977d67f36929f13b
expected_price,352.2697448730469,1752939396132,0,0,afa91523627f4d929c3e14ff347d8bc7
average_expected_price,400.3655700683594,1752939396162,0,0,afa91523627f4d929c3e14ff347d8bc7
num_rows,753.0,1752939419088,0,0,d4fce7e8413f47ca9e750574c93ae5b0
num_columns,2.0,1752939419116,0,0,d4fce7e8413f47ca9e750574c93ae5b0
average_expected_price,510.0411983805356,1752939420087,0,0,55f0d34c15fe4b4ca67d36fc4124db1d
conf_interval_low,505.3542410536338,1752939422766,0,0,55f0d34c15fe4b4ca67d36fc4124db1d
conf_interval_high,514.608025836409,1752939422810,0,0,55f0d34c15fe4b4ca67d36fc4124db1d
expected_price,466.6787109375,1752939434178,0,0,63fb591d74c84571b59eea6b9a110511
average_expected_price,480.24169921875,1752939434211,0,0,63fb591d74c84571b59eea6b9a110511
num_rows,1256.0,1752940009136,0,0,8707219f73044cdfa4420e9efc4ddd32
num_columns,2.0,1752940009172,0,0,8707219f73044cdfa4420e9efc4ddd32
average_expected_price,211.19071506740553,1752940010613,0,0,2242a7e410334107adfeeb2adfdbc6e3
conf_interval_low,208.9658204280762,1752940012701,0,0,2242a7e410334107adfeeb2adfdbc6e3
conf_interval_high,213.5875988407607,1752940012746,0,0,2242a7e410334107adfeeb2adfdbc6e3
expected_price,153.20675659179688,1752940028564,0,0,0bfd4cf6ad3941ecba61bbd88589a657
average_expected_price,176.30776977539062,1752940028595,0,0,0bfd4cf6ad3941ecba61bbd88589a657
num_rows,1256.0,1752940051045,0,0,9cef754037004d298df80867495f49e3
num_columns,2.0,1752940051086,0,0,9cef754037004d298df80867495f49e3
average_expected_price,211.15564479659673,1752940052028,0,0,9ffa304174ad4194be7297ac1bf90d4d
conf_interval_low,208.89668110099382,1752940054434,0,0,9ffa304174ad4194be7297ac1bf90d4d
conf_interval_high,213.17370170624127,1752940054469,0,0,9ffa304174ad4194be7297ac1bf90d4d
expected_price,290.0286865234375,1752940074041,0,0,ace8986cce644e44a86750e9363d9e15
average_expected_price,251.32342529296875,1752940074075,0,0,ace8986cce644e44a86750e9363d9e15
num_rows,1256.0,1752940096506,0,0,063a61bf9fbb47dc87c09e37a32ba056
num_columns,2.0,1752940096539,0,0,063a61bf9fbb47dc87c09e37a32ba056
average_expected_price,211.15299893552742,1752940097495,0,0,c9c808c10fa04a719b997d6ec48dcd67
conf_interval_low,209.06729397689026,1752940099687,0,0,c9c808c10fa04a719b997d6ec48dcd67
conf_interval_high,213.3793369197057,1752940099726,0,0,c9c808c10fa04a719b997d6ec48dcd67
expected_price,157.18063354492188,1752940116682,0,0,b1c18a83fd184514b23ae587a97045ff
average_expected_price,180.1580047607422,1752940116715,0,0,b1c18a83fd184514b23ae587a97045ff
num_rows,1256.0,1752940139285,0,0,0c30d2f79822458e8a033ca7f664bc4b
num_columns,2.0,1752940139322,0,0,0c30d2f79822458e8a033ca7f664bc4b
average_expected_price,211.21070032587195,1752940140264,0,0,aca2b5b9e4c8403a86c119ba093ebbe8
conf_interval_low,209.15748973276374,1752940142711,0,0,aca2b5b9e4c8403a86c119ba093ebbe8
conf_interval_high,213.31578931390166,1752940142750,0,0,aca2b5b9e4c8403a86c119ba093ebbe8
expected_price,182.3466339111328,1752940160352,0,0,0593ce9be9b24548b4aa4c72eb041420
average_expected_price,194.1103515625,1752940160385,0,0,0593ce9be9b24548b4aa4c72eb041420
num_rows,1256.0,1752940185007,0,0,f2525acc15e7405ba41228b29d1380cb
num_columns,2.0,1752940185050,0,0,f2525acc15e7405ba41228b29d1380cb
average_expected_price,211.2232327034799,1752940186077,0,0,0b2258b261b3491d949fbf11992f57b9
conf_interval_low,208.91174225728813,1752940186500,0,0,0b2258b261b3491d949fbf11992f57b9
conf_interval_high,213.45301493973332,1752940186539,0,0,0b2258b261b3491d949fbf11992f57b9
expected_price,271.58355712890625,1752940206388,0,0,718db9cff421433aa79f8b2ab0e475c7
average_expected_price,245.79669189453125,1752940206421,0,0,718db9cff421433aa79f8b2ab0e475c7
num_rows,1256.0,1752940229054,0,0,7e0c0bb888a343a78f98783915b69ed4
num_columns,2.0,1752940229089,0,0,7e0c0bb888a343a78f98783915b69ed4
average_expected_price,211.12339333558944,1752940230123,0,0,6cb98d95155047718682cef61981aa96
conf_interval_low,208.70743768629353,1752940232490,0,0,6cb98d95155047718682cef61981aa96
conf_interval_high,213.40900124538857,1752940232531,0,0,6cb98d95155047718682cef61981aa96
expected_price,216.35446166992188,1752940250081,0,0,f2e11bc8f10b445a88fbd8b86620dd9c
average_expected_price,213.72308349609375,1752940250112,0,0,f2e11bc8f10b445a88fbd8b86620dd9c
num_rows,1256.0,1752940273617,0,0,b088513549ef4ca0ad03a7fe677b483c
num_columns,2.0,1752940273658,0,0,b088513549ef4ca0ad03a7fe677b483c
average_expected_price,211.16978182668458,1752940274657,0,0,ce034a0e3d434645970af5677c2e9210
conf_interval_low,208.97815420640575,1752940277083,0,0,ce034a0e3d434645970af5677c2e9210
conf_interval_high,213.35572137647816,1752940277128,0,0,ce034a0e3d434645970af5677c2e9210
expected_price,243.48086547851562,1752940294993,0,0,34da8c2909b245aeb27ced5939e4f1d6
average_expected_price,228.06076049804688,1752940295025,0,0,34da8c2909b245aeb27ced5939e4f1d6
num_rows,1256.0,1752940317613,0,0,3e4d12fd8ffd4b6780ac5c720b949cd4
num_columns,2.0,1752940317652,0,0,3e4d12fd8ffd4b6780ac5c720b949cd4
average_expected_price,211.2042263167167,1752940318721,0,0,a2470eb745e04755ba8cf407a1d6609a
conf_interval_low,208.92178943532411,1752940321142,0,0,a2470eb745e04755ba8cf407a1d6609a
conf_interval_high,213.46242922975108,1752940321183,0,0,a2470eb745e04755ba8cf407a1d6609a
expected_price,220.1103057861328,1752940338387,0,0,3293a6242d2845a29f7fc4d64db64fd4
average_expected_price,215.6549835205078,1752940338419,0,0,3293a6242d2845a29f7fc4d64db64fd4
num_rows,1256.0,1752940361665,0,0,8b4b0e0cfc2d409d852a09f09ffc11bf
num_columns,2.0,1752940361698,0,0,8b4b0e0cfc2d409d852a09f09ffc11bf
average_expected_price,211.22366385612713,1752940362695,0,0,2696c5af603a4bf4aea22352d03c3f48
conf_interval_low,208.9521912632929,1752940365112,0,0,2696c5af603a4bf4aea22352d03c3f48
conf_interval_high,213.4283940108376,1752940365154,0,0,2696c5af603a4bf4aea22352d03c3f48
expected_price,205.7455596923828,1752940382826,0,0,db25d115419f469a9e32e234f4810f2d
average_expected_price,207.9712371826172,1752940382867,0,0,db25d115419f469a9e32e234f4810f2d
num_rows,1256.0,1752940904543,0,0,b6a2f683468645739d2007b036379b1a
num_columns,2.0,1752940904591,0,0,b6a2f683468645739d2007b036379b1a
average_expected_price,211.2717211862386,1752940906621,0,0,bb96791effb848f5b695a127af31d179
conf_interval_low,208.9431479420344,1752940908978,0,0,bb96791effb848f5b695a127af31d179
conf_interval_high,213.56658545940473,1752940909025,0,0,bb96791effb848f5b695a127af31d179
expected_price,223.6359405517578,1752940924586,0,0,b71f71c88e554ac2afb2013e7d309f4e
average_expected_price,217.56845092773438,1752940924622,0,0,b71f71c88e554ac2afb2013e7d309f4e
expected_price_montecarlo,211.2717211862386,1752940924846,0,0,1b7605fe0d454269b2cfe899b112d557
expected_price_arima,211.04121165443175,1752940924880,0,0,1b7605fe0d454269b2cfe899b112d557
expected_price_lstm,223.6359405517578,1752940924913,0,0,1b7605fe0d454269b2cfe899b112d557
hybrid_expected_price,215.3162911308094,1752940924946,0,0,1b7605fe0d454269b2cfe899b112d557
average_expected_price_montecarlo,211.2717211862386,1752940924978,0,0,1b7605fe0d454269b2cfe899b112d557
average_expected_price_arima,211.0502824509431,1752940925011,0,0,1b7605fe0d454269b2cfe899b112d557
average_expected_price_lstm,217.56845092773438,1752940925045,0,0,1b7605fe0d454269b2cfe899b112d557
hybrid_average_expected_price,213.29681818830537,1752940925080,0,0,1b7605fe0d454269b2cfe899b112d557
num_rows,1256.0,1752945905302,0,0,d33dbd6f2e234b1daf3c9c05b36e6709
num_columns,2.0,1752945905351,0,0,d33dbd6f2e234b1daf3c9c05b36e6709
average_expected_price,211.24110344785365,1752945905766,0,0,609fbe3d6491448394a76521ddf6b38d
conf_interval_low,209.09325887275523,1752945907931,0,0,609fbe3d6491448394a76521ddf6b38d
conf_interval_high,213.41887957842266,1752945907977,0,0,609fbe3d6491448394a76521ddf6b38d
expected_price,175.3409881591797,1752945933893,0,0,cfedb9710dab43cfb91ca578e1bf8e0f
average_expected_price,192.41091918945312,1752945933942,0,0,cfedb9710dab43cfb91ca578e1bf8e0f
expected_price_montecarlo,211.24110344785365,1752945942494,0,0,7c494178274e43e0abdc8b33197f45ed
expected_price_arima,211.04121229029067,1752945942551,0,0,7c494178274e43e0abdc8b33197f45ed
expected_price_lstm,175.3409881591797,1752945942598,0,0,7c494178274e43e0abdc8b33197f45ed
hybrid_expected_price,199.20776796577468,1752945942645,0,0,7c494178274e43e0abdc8b33197f45ed
average_expected_price_montecarlo,211.24110344785365,1752945942691,0,0,7c494178274e43e0abdc8b33197f45ed
average_expected_price_arima,211.05028316720419,1752945942732,0,0,7c494178274e43e0abdc8b33197f45ed
average_expected_price_lstm,192.41091918945312,1752945942790,0,0,7c494178274e43e0abdc8b33197f45ed
hybrid_average_expected_price,204.90076860150364,1752945942837,0,0,7c494178274e43e0abdc8b33197f45ed
num_rows,1256.0,1752947902340,0,0,0d2f1d51c80f498a992a6421219d433d
num_columns,2.0,1752947902387,0,0,0d2f1d51c80f498a992a6421219d433d
average_expected_price,211.25777898116945,1752947904381,0,0,06febf4b5b324573b440bb447cc22abb
conf_interval_low,209.15148341620815,1752947909290,0,0,06febf4b5b324573b440bb447cc22abb
conf_interval_high,213.4260931276669,1752947909344,0,0,06febf4b5b324573b440bb447cc22abb
expected_price,142.41558837890625,1752947932187,0,0,b106ef334e62461791eb54c4537553c4
average_expected_price,167.67710876464844,1752947932227,0,0,b106ef334e62461791eb54c4537553c4
expected_price_montecarlo,211.25777898116945,1752947942369,0,0,e952de0b3103452a9a5149de6d39fbe3
expected_price_arima,211.0412118398771,1752947942403,0,0,e952de0b3103452a9a5149de6d39fbe3
expected_price_lstm,142.41558837890625,1752947942438,0,0,e952de0b3103452a9a5149de6d39fbe3
hybrid_expected_price,188.23819306665095,1752947942471,0,0,e952de0b3103452a9a5149de6d39fbe3
average_expected_price_montecarlo,211.25777898116945,1752947942505,0,0,e952de0b3103452a9a5149de6d39fbe3
average_expected_price_arima,211.05028269742732,1752947942541,0,0,e952de0b3103452a9a5149de6d39fbe3
average_expected_price_lstm,167.67710876464844,1752947942572,0,0,e952de0b3103452a9a5149de6d39fbe3
hybrid_average_expected_price,196.66172348108174,1752947942604,0,0,e952de0b3103452a9a5149de6d39fbe3
num_rows,1256.0,1752951686925,0,0,9eaff7cc6a4342a8b38d2b1b6b962329
num_columns,2.0,1752951686979,0,0,9eaff7cc6a4342a8b38d2b1b6b962329
num_rows,1256.0,1752951688144,0,0,5f752282c95a47f4afcec7307e8511d5
num_columns,2.0,1752951688189,0,0,5f752282c95a47f4afcec7307e8511d5
average_expected_price,211.26874298975966,1752951696587,0,0,6f76260b7dd64be3b3c281bf5a727427
conf_interval_low,209.0073092117703,1752951696640,0,0,6f76260b7dd64be3b3c281bf5a727427
conf_interval_high,213.28683238437785,1752951696691,0,0,6f76260b7dd64be3b3c281bf5a727427
expected_price,211.04121244480916,1752951701282,0,0,6d2f99ee016d409d9a074b882427c84c
average_expected_price,211.05028334479093,1752951701331,0,0,6d2f99ee016d409d9a074b882427c84c
expected_price,302.3623046875,1752951737268,0,0,dae7ac10b22649aba1dc2fb0e9581edb
average_expected_price,253.30462646484375,1752951737314,0,0,dae7ac10b22649aba1dc2fb0e9581edb
expected_price_montecarlo,211.26874298975966,1752951756252,0,0,1ba475aa58814c74bafdd0f12836706f
expected_price_arima,211.04121244480916,1752951756298,0,0,1ba475aa58814c74bafdd0f12836706f
expected_price_lstm,302.3623046875,1752951756343,0,0,1ba475aa58814c74bafdd0f12836706f
hybrid_expected_price,241.5574200406896,1752951756391,0,0,1ba475aa58814c74bafdd0f12836706f
average_expected_price_montecarlo,211.26874298975966,1752951756440,0,0,1ba475aa58814c74bafdd0f12836706f
average_expected_price_arima,211.05028334479093,1752951756489,0,0,1ba475aa58814c74bafdd0f12836706f
average_expected_price_lstm,253.30462646484375,1752951756587,0,0,1ba475aa58814c74bafdd0f12836706f
hybrid_average_expected_price,225.2078842664648,1752951756645,0,0,1ba475aa58814c74bafdd0f12836706f
num_rows,1256.0,1752952391682,0,0,f92526da228f461ea0f50b5f342e2fc9
num_columns,2.0,1752952391746,0,0,f92526da228f461ea0f50b5f342e2fc9
average_expected_price,211.26527104463352,1752952393288,0,0,2e78aed178d842e694b82a6d319e37d9
conf_interval_low,209.1235838856254,1752952396708,0,0,2e78aed178d842e694b82a6d319e37d9
conf_interval_high,213.4696116814164,1752952396770,0,0,2e78aed178d842e694b82a6d319e37d9
expected_price,143.8538818359375,1752952418500,0,0,75eb9bbdbfd742d1bf30d5d98aca4d29
average_expected_price,166.32106018066406,1752952418554,0,0,75eb9bbdbfd742d1bf30d5d98aca4d29
expected_price_montecarlo,211.26527104463352,1752952428744,0,0,1542442bee55440789cc9a2545de70ca
expected_price_arima,211.0412122105066,1752952428793,0,0,1542442bee55440789cc9a2545de70ca
expected_price_lstm,143.8538818359375,1752952428839,0,0,1542442bee55440789cc9a2545de70ca
hybrid_expected_price,188.7201216970259,1752952428886,0,0,1542442bee55440789cc9a2545de70ca
average_expected_price_montecarlo,211.26527104463352,1752952428925,0,0,1542442bee55440789cc9a2545de70ca
average_expected_price_arima,211.0502831247449,1752952428969,0,0,1542442bee55440789cc9a2545de70ca
average_expected_price_lstm,166.32106018066406,1752952429025,0,0,1542442bee55440789cc9a2545de70ca
hybrid_average_expected_price,196.2122047833475,1752952429068,0,0,1542442bee55440789cc9a2545de70ca
num_rows,1256.0,1752952597970,0,0,48dc36a1077041d4b34e81da2d1f8f77
num_columns,2.0,1752952598014,0,0,48dc36a1077041d4b34e81da2d1f8f77
average_expected_price,211.2320739219663,1752952600550,0,0,8f69e8490c6a47bb90372580f16fa308
conf_interval_low,209.0550160856148,1752952603311,0,0,8f69e8490c6a47bb90372580f16fa308
conf_interval_high,213.428857233684,1752952603356,0,0,8f69e8490c6a47bb90372580f16fa308
expected_price,135.96286010742188,1752952625161,0,0,db336f77203e4a56a2c4ea38d922d4ab
average_expected_price,164.4116973876953,1752952625204,0,0,db336f77203e4a56a2c4ea38d922d4ab
expected_price_montecarlo,211.2320739219663,1752952632315,0,0,f8106a7e3ead43ff8d766f2dde862c2e
expected_price_arima,211.04121267272137,1752952632349,0,0,f8106a7e3ead43ff8d766f2dde862c2e
expected_price_lstm,135.96286010742188,1752952632382,0,0,f8106a7e3ead43ff8d766f2dde862c2e
hybrid_expected_price,186.07871556736984,1752952632428,0,0,f8106a7e3ead43ff8d766f2dde862c2e
average_expected_price_montecarlo,211.2320739219663,1752952632466,0,0,f8106a7e3ead43ff8d766f2dde862c2e
average_expected_price_arima,211.05028356558688,1752952632502,0,0,f8106a7e3ead43ff8d766f2dde862c2e
average_expected_price_lstm,164.4116973876953,1752952632540,0,0,f8106a7e3ead43ff8d766f2dde862c2e
hybrid_average_expected_price,195.56468495841617,1752952632574,0,0,f8106a7e3ead43ff8d766f2dde862c2e
num_rows,1256.0,1752952820932,0,0,8a6df1fddab0447b89fdad42905b7578
num_columns,2.0,1752952820979,0,0,8a6df1fddab0447b89fdad42905b7578
average_expected_price,211.15506312852136,1752952849202,0,0,84ee61d5faf44c23ad54d10a5e99ba91
conf_interval_low,208.96904515198284,1752952849239,0,0,84ee61d5faf44c23ad54d10a5e99ba91
conf_interval_high,213.2899472878843,1752952849275,0,0,84ee61d5faf44c23ad54d10a5e99ba91
expected_price,211.04121210032423,1752952865237,0,0,4443d5bd281541468e11607a4f7707a0
average_expected_price,211.0502829457675,1752952865279,0,0,4443d5bd281541468e11607a4f7707a0
expected_price,177.92991638183594,1752952898128,0,0,ce7203b4b3594c9599390235e9502c21
average_expected_price,191.24575805664062,1752952898174,0,0,ce7203b4b3594c9599390235e9502c21
expected_price_montecarlo,211.15506312852136,1752953027704,0,0,04fb542ca8464a71a2554cd84a3a74ee
expected_price_arima,211.04121210032423,1752953027755,0,0,04fb542ca8464a71a2554cd84a3a74ee
expected_price_lstm,177.92991638183594,1752953027795,0,0,04fb542ca8464a71a2554cd84a3a74ee
hybrid_expected_price,200.04206387022717,1752953027833,0,0,04fb542ca8464a71a2554cd84a3a74ee
average_expected_price_montecarlo,211.15506312852136,1752953027870,0,0,04fb542ca8464a71a2554cd84a3a74ee
average_expected_price_arima,211.0502829457675,1752953027911,0,0,04fb542ca8464a71a2554cd84a3a74ee
average_expected_price_lstm,191.24575805664062,1752953027951,0,0,04fb542ca8464a71a2554cd84a3a74ee
hybrid_average_expected_price,204.48370137697648,1752953027987,0,0,04fb542ca8464a71a2554cd84a3a74ee
num_rows,1256.0,1752954224390,0,0,1a6bcbb3937f498fae6b29a0fff6dbec
num_columns,2.0,1752954224452,0,0,1a6bcbb3937f498fae6b29a0fff6dbec
average_expected_price,211.34371215458862,1752954226155,0,0,f3e5c4c1a57c436e9e6926c7dd0b0969
conf_interval_low,209.1696723619477,1752954229736,0,0,f3e5c4c1a57c436e9e6926c7dd0b0969
conf_interval_high,213.49912140141956,1752954229793,0,0,f3e5c4c1a57c436e9e6926c7dd0b0969
expected_price,233.8435516357422,1752954254812,0,0,23bc788652f349e4b81d2cebbaaaf8f0
average_expected_price,223.09820556640625,1752954254860,0,0,23bc788652f349e4b81d2cebbaaaf8f0
expected_price_montecarlo,211.34371215458862,1752954266109,0,0,d128697c778e45e8ac8a2b15086a4cea
expected_price_arima,211.04121192050528,1752954266149,0,0,d128697c778e45e8ac8a2b15086a4cea
expected_price_lstm,233.8435516357422,1752954266192,0,0,d128697c778e45e8ac8a2b15086a4cea
hybrid_expected_price,218.74282523694535,1752954266243,0,0,d128697c778e45e8ac8a2b15086a4cea
average_expected_price_montecarlo,211.34371215458862,1752954266287,0,0,d128697c778e45e8ac8a2b15086a4cea
average_expected_price_arima,211.05028277565359,1752954266349,0,0,d128697c778e45e8ac8a2b15086a4cea
average_expected_price_lstm,223.09820556640625,1752954266393,0,0,d128697c778e45e8ac8a2b15086a4cea
hybrid_average_expected_price,215.16406683221615,1752954266439,0,0,d128697c778e45e8ac8a2b15086a4cea
num_rows,1256.0,1752997086518,0,0,e128aac7950e496abe02a7d907b86cbe
num_columns,2.0,1752997086559,0,0,e128aac7950e496abe02a7d907b86cbe
num_rows,1256.0,1752997091982,0,0,56a628079cea4e2187fe49b349edeefa
num_columns,2.0,1752997092012,0,0,56a628079cea4e2187fe49b349edeefa
average_expected_price,211.1995085800469,1752997093261,0,0,152df6661e224c708907c380e53cc025
conf_interval_low,209.0901909669925,1752997093297,0,0,152df6661e224c708907c380e53cc025
conf_interval_high,213.4428103752026,1752997093363,0,0,152df6661e224c708907c380e53cc025
expected_price,211.04121205046005,1752997093513,0,0,4d28ccc1b2c6431db3208a6234348b3c
average_expected_price,211.05028295279686,1752997093554,0,0,4d28ccc1b2c6431db3208a6234348b3c
average_expected_price,211.33180465005682,1752997093000,0,0,5100fd8eba3848bd91b4dfb169c5d53f
conf_interval_low,209.08869853930506,1752997096056,0,0,5100fd8eba3848bd91b4dfb169c5d53f
conf_interval_high,213.65703097355313,1752997096099,0,0,5100fd8eba3848bd91b4dfb169c5d53f
expected_price,187.14453125,1752997117860,0,0,9be8c9212f494a79b536e14d7684abd7
average_expected_price,196.24526977539062,1752997117904,0,0,9be8c9212f494a79b536e14d7684abd7
expected_price,189.17498779296875,1752997118474,0,0,0ddd2b66a6714a19a771bf9e906d0d3d
average_expected_price,197.92132568359375,1752997118503,0,0,0ddd2b66a6714a19a771bf9e906d0d3d
expected_price_montecarlo,211.33180465005682,1752997125842,0,0,da4e1816089f435eb27f7c6839d47731
expected_price_arima,211.04121243974217,1752997125877,0,0,da4e1816089f435eb27f7c6839d47731
expected_price_lstm,187.14453125,1752997125914,0,0,da4e1816089f435eb27f7c6839d47731
hybrid_expected_price,203.1725161132663,1752997125950,0,0,da4e1816089f435eb27f7c6839d47731
average_expected_price_montecarlo,211.33180465005682,1752997125984,0,0,da4e1816089f435eb27f7c6839d47731
average_expected_price_arima,211.0502833441504,1752997126019,0,0,da4e1816089f435eb27f7c6839d47731
average_expected_price_lstm,196.24526977539062,1752997126051,0,0,da4e1816089f435eb27f7c6839d47731
hybrid_average_expected_price,206.20911925653263,1752997126085,0,0,da4e1816089f435eb27f7c6839d47731
expected_price_montecarlo,211.1995085800469,1752997132685,0,0,68aba398a91b407e85c1e30d7836b857
expected_price_arima,211.04121205046005,1752997132716,0,0,68aba398a91b407e85c1e30d7836b857
expected_price_lstm,189.17498779296875,1752997132749,0,0,68aba398a91b407e85c1e30d7836b857
hybrid_expected_price,203.8052361411586,1752997132784,0,0,68aba398a91b407e85c1e30d7836b857
average_expected_price_montecarlo,211.1995085800469,1752997132814,0,0,68aba398a91b407e85c1e30d7836b857
average_expected_price_arima,211.05028295279686,1752997132843,0,0,68aba398a91b407e85c1e30d7836b857
average_expected_price_lstm,197.92132568359375,1752997132874,0,0,68aba398a91b407e85c1e30d7836b857
hybrid_average_expected_price,206.72370573881253,1752997132917,0,0,68aba398a91b407e85c1e30d7836b857
num_rows,1256.0,1752997665797,0,0,a0f18cc9271f4eb1ac05f9bfc791184b
num_columns,2.0,1752997665834,0,0,a0f18cc9271f4eb1ac05f9bfc791184b
average_expected_price,211.23688398389135,1752997732007,0,0,fdc604bdb2e74f198dfbfb8a06b0f2f3
conf_interval_low,208.96556169897679,1752997732041,0,0,fdc604bdb2e74f198dfbfb8a06b0f2f3
conf_interval_high,213.47675143239115,1752997732077,0,0,fdc604bdb2e74f198dfbfb8a06b0f2f3
num_rows,1256.0,1752998371381,0,0,caba0a0d7f1e44f6889b0f677f7bf76a
num_columns,2.0,1752998371418,0,0,caba0a0d7f1e44f6889b0f677f7bf76a
average_expected_price,211.1225488137264,1752998372370,0,0,1760926373a548d5bfde15d6beb8f8da
conf_interval_low,208.85502782960845,1752998375021,0,0,1760926373a548d5bfde15d6beb8f8da
conf_interval_high,213.1967824023523,1752998375097,0,0,1760926373a548d5bfde15d6beb8f8da
expected_price,175.93943786621094,1752998393593,0,0,c4ce687bf4fa4caeb6e7b255a8019036
average_expected_price,190.42001342773438,1752998393622,0,0,c4ce687bf4fa4caeb6e7b255a8019036
num_rows,1256.0,1752998423952,0,0,c703d1285d8d4128a8ac5b9af298ab84
num_columns,2.0,1752998423987,0,0,c703d1285d8d4128a8ac5b9af298ab84
average_expected_price,211.17527198859156,1752998424937,0,0,5f33813887544034adb992f87297e80d
conf_interval_low,209.02240490892626,1752998426957,0,0,5f33813887544034adb992f87297e80d
conf_interval_high,213.53231262280946,1752998426988,0,0,5f33813887544034adb992f87297e80d
expected_price,156.10447692871094,1752998443091,0,0,deabaf778ec24951aa8109dcfea7b693
average_expected_price,176.5680694580078,1752998443120,0,0,deabaf778ec24951aa8109dcfea7b693
num_rows,1256.0,1752998472526,0,0,6379376647444ecf9328513d7f27aac6
num_columns,2.0,1752998472551,0,0,6379376647444ecf9328513d7f27aac6
average_expected_price,211.18581197697065,1752998473410,0,0,1cb749e422da45458d9442ed7ff98e3b
conf_interval_low,208.9229917233001,1752998475441,0,0,1cb749e422da45458d9442ed7ff98e3b
conf_interval_high,213.301090254195,1752998475483,0,0,1cb749e422da45458d9442ed7ff98e3b
expected_price,183.56092834472656,1752998492468,0,0,ca6fcbe69a0444818979a9d132bb8972
average_expected_price,194.8007049560547,1752998492496,0,0,ca6fcbe69a0444818979a9d132bb8972
num_rows,1256.0,1752998521736,0,0,fe44103ff46b428c8d5823a7790e6e15
num_columns,2.0,1752998521765,0,0,fe44103ff46b428c8d5823a7790e6e15
average_expected_price,211.18507853058887,1752998522594,0,0,2a3f5f4b1786433c9f90858fdc4a48dc
conf_interval_low,208.92973630644872,1752998524674,0,0,2a3f5f4b1786433c9f90858fdc4a48dc
conf_interval_high,213.43548863339922,1752998524710,0,0,2a3f5f4b1786433c9f90858fdc4a48dc
expected_price,173.80160522460938,1752998541393,0,0,1e4d14cf109b4861b5d24f61c096798f
average_expected_price,188.65353393554688,1752998541424,0,0,1e4d14cf109b4861b5d24f61c096798f
num_rows,1256.0,1752998570753,0,0,992c028223b541bea82b139f363e330a
num_columns,2.0,1752998570779,0,0,992c028223b541bea82b139f363e330a
average_expected_price,211.2156196184281,1752998571690,0,0,d43f0b3ef044424eaa6e5c2170043d95
conf_interval_low,208.89613697191228,1752998573732,0,0,d43f0b3ef044424eaa6e5c2170043d95
conf_interval_high,213.34447399855827,1752998573766,0,0,d43f0b3ef044424eaa6e5c2170043d95
expected_price,249.6060791015625,1752998590759,0,0,5adce5ee770f46f6a8731da6961313aa
average_expected_price,231.9358367919922,1752998590784,0,0,5adce5ee770f46f6a8731da6961313aa
num_rows,1256.0,1752998621699,0,0,11f0572a62d549ab8650c56fede5f154
num_columns,2.0,1752998621732,0,0,11f0572a62d549ab8650c56fede5f154
average_expected_price,211.25643140675993,1752998622623,0,0,7adc17ae0fc543b2b200eb57f175bf03
conf_interval_low,208.99692881212084,1752998625020,0,0,7adc17ae0fc543b2b200eb57f175bf03
conf_interval_high,213.45929921811165,1752998625054,0,0,7adc17ae0fc543b2b200eb57f175bf03
expected_price,157.9049072265625,1752998643262,0,0,57f9889d44ce4005b3a9300a7c78dab7
average_expected_price,177.49569702148438,1752998643294,0,0,57f9889d44ce4005b3a9300a7c78dab7
num_rows,1256.0,1752998673480,0,0,3aba976cc2dc4abfb4dc2ad43f313f0c
num_columns,2.0,1752998673515,0,0,3aba976cc2dc4abfb4dc2ad43f313f0c
average_expected_price,211.25523568881778,1752998674315,0,0,22a08392e1fb4c5c976c9c92e4b5ba82
conf_interval_low,209.1626928156275,1752998676405,0,0,22a08392e1fb4c5c976c9c92e4b5ba82
conf_interval_high,213.54827177042503,1752998676435,0,0,22a08392e1fb4c5c976c9c92e4b5ba82
expected_price,217.40029907226562,1752998693968,0,0,5a49790c02e04650ae80216dbfc7e8f4
average_expected_price,214.7129669189453,1752998693999,0,0,5a49790c02e04650ae80216dbfc7e8f4
num_rows,1256.0,1752998723667,0,0,83c19b623e3d48bd88948a98a11ffec7
num_columns,2.0,1752998723696,0,0,83c19b623e3d48bd88948a98a11ffec7
average_expected_price,211.233580577379,1752998724496,0,0,bdccf2437daf495f9dba7a3acb382982
conf_interval_low,209.07307643969295,1752998726593,0,0,bdccf2437daf495f9dba7a3acb382982
conf_interval_high,213.57615807633434,1752998726620,0,0,bdccf2437daf495f9dba7a3acb382982
expected_price,247.13330078125,1752998743892,0,0,4e0c6bb11a474087b4624577ddf5abca
average_expected_price,231.35154724121094,1752998743914,0,0,4e0c6bb11a474087b4624577ddf5abca
expected_price_montecarlo,211.233580577379,1752998750822,0,0,9290d8ba52a9445f98d5c66dce245475
expected_price_arima,211.04121283949007,1752998750850,0,0,9290d8ba52a9445f98d5c66dce245475
expected_price_lstm,247.13330078125,1752998750873,0,0,9290d8ba52a9445f98d5c66dce245475
hybrid_expected_price,223.13603139937302,1752998750899,0,0,9290d8ba52a9445f98d5c66dce245475
average_expected_price_montecarlo,211.233580577379,1752998750925,0,0,9290d8ba52a9445f98d5c66dce245475
average_expected_price_arima,211.0502837323907,1752998750956,0,0,9290d8ba52a9445f98d5c66dce245475
average_expected_price_lstm,231.35154724121094,1752998750985,0,0,9290d8ba52a9445f98d5c66dce245475
hybrid_average_expected_price,217.87847051699353,1752998751012,0,0,9290d8ba52a9445f98d5c66dce245475
num_rows,1256.0,1752998937488,0,0,d1847f8973794118994fea8d32d0d338
num_columns,2.0,1752998937519,0,0,d1847f8973794118994fea8d32d0d338
average_expected_price,211.1604068372719,1752998938597,0,0,12b3a4d8edd64c4fbd5e47467de25726
conf_interval_low,208.99864514897698,1752998940902,0,0,12b3a4d8edd64c4fbd5e47467de25726
conf_interval_high,213.3602422003739,1752998940942,0,0,12b3a4d8edd64c4fbd5e47467de25726
expected_price,238.0823211669922,1752998957252,0,0,cdc97dc3922c4544be969f33c56e3cbe
average_expected_price,225.4840545654297,1752998957289,0,0,cdc97dc3922c4544be969f33c56e3cbe
expected_price_montecarlo,211.1604068372719,1752998964160,0,0,37534d5f00c24a139ac6b6a2174bc047
expected_price_arima,211.04121212035568,1752998964190,0,0,37534d5f00c24a139ac6b6a2174bc047
expected_price_lstm,238.0823211669922,1752998964220,0,0,37534d5f00c24a139ac6b6a2174bc047
hybrid_expected_price,220.0946467082066,1752998964247,0,0,37534d5f00c24a139ac6b6a2174bc047
average_expected_price_montecarlo,211.1604068372719,1752998964274,0,0,37534d5f00c24a139ac6b6a2174bc047
average_expected_price_arima,211.05028300768183,1752998964298,0,0,37534d5f00c24a139ac6b6a2174bc047
average_expected_price_lstm,225.4840545654297,1752998964322,0,0,37534d5f00c24a139ac6b6a2174bc047
hybrid_average_expected_price,215.89824813679448,1752998964347,0,0,37534d5f00c24a139ac6b6a2174bc047
num_rows,1256.0,1752999077394,0,0,538dd0fba7af46f1bd4b09e00073fd9e
num_columns,2.0,1752999077425,0,0,538dd0fba7af46f1bd4b09e00073fd9e
average_expected_price,211.25202417376082,1752999086314,0,0,ce1f7d3b3f3541db9029c2879b362eee
conf_interval_low,208.99648508115186,1752999086343,0,0,ce1f7d3b3f3541db9029c2879b362eee
conf_interval_high,213.5291026857741,1752999086382,0,0,ce1f7d3b3f3541db9029c2879b362eee
num_rows,1256.0,1753000073237,0,0,a9134d7717f248b9a587accbde45fbdb
num_columns,2.0,1753000073829,0,0,a9134d7717f248b9a587accbde45fbdb
average_expected_price,211.13527828674532,1753000074844,0,0,bdab81956d2848d48002e8e82753b772
conf_interval_low,208.9323511763767,1753000077876,0,0,bdab81956d2848d48002e8e82753b772
conf_interval_high,213.23260692279746,1753000077926,0,0,bdab81956d2848d48002e8e82753b772
expected_price,183.0227508544922,1753000096518,0,0,8c9e5b28a67845c8b1e653d5afc02ebd
average_expected_price,195.12890625,1753000096550,0,0,8c9e5b28a67845c8b1e653d5afc02ebd
expected_price_montecarlo,211.13527828674532,1753000105141,0,0,03dab32966534a76a94382cadbbd6ad6
expected_price_arima,211.04121183711914,1753000105175,0,0,03dab32966534a76a94382cadbbd6ad6
expected_price_lstm,183.0227508544922,1753000105208,0,0,03dab32966534a76a94382cadbbd6ad6
hybrid_expected_price,201.73308032611888,1753000105243,0,0,03dab32966534a76a94382cadbbd6ad6
average_expected_price_montecarlo,211.13527828674532,1753000105274,0,0,03dab32966534a76a94382cadbbd6ad6
average_expected_price_arima,211.05028272586605,1753000105305,0,0,03dab32966534a76a94382cadbbd6ad6
average_expected_price_lstm,195.12890625,1753000105336,0,0,03dab32966534a76a94382cadbbd6ad6
hybrid_average_expected_price,205.77148908753713,1753000105366,0,0,03dab32966534a76a94382cadbbd6ad6
num_rows,1256.0,1753000943364,0,0,0933b3ddcead4a47aeb50c1cf940e01d
num_columns,2.0,1753000943390,0,0,0933b3ddcead4a47aeb50c1cf940e01d
average_expected_price,211.19454682866217,1753000944246,0,0,bab215f79dd240b6942e620047e93fb3
conf_interval_low,209.07430731788983,1753000946727,0,0,bab215f79dd240b6942e620047e93fb3
conf_interval_high,213.35293695739227,1753000946765,0,0,bab215f79dd240b6942e620047e93fb3
expected_price,203.25112915039062,1753000964049,0,0,894460229fb74888b5c9882a6c0e9b40
average_expected_price,206.65084838867188,1753000964075,0,0,894460229fb74888b5c9882a6c0e9b40
num_rows,1256.0,1753000994758,0,0,4f95aca469454630a135508982402f6f
num_columns,2.0,1753000994786,0,0,4f95aca469454630a135508982402f6f
average_expected_price,211.15022211480735,1753000995812,0,0,f549708abf2342d4b7eddd988debe200
conf_interval_low,208.88771489915803,1753000998253,0,0,f549708abf2342d4b7eddd988debe200
conf_interval_high,213.56369678823404,1753000998284,0,0,f549708abf2342d4b7eddd988debe200
expected_price,184.2472381591797,1753001017278,0,0,047c310e76f842b6b59ef3f5b1b3b74e
average_expected_price,194.8259735107422,1753001017308,0,0,047c310e76f842b6b59ef3f5b1b3b74e
num_rows,1256.0,1753001049273,0,0,eacafe0915d14acda2746f0124817f69
num_columns,2.0,1753001049300,0,0,eacafe0915d14acda2746f0124817f69
average_expected_price,211.10746694426302,1753001050211,0,0,6fe5be116b7e45079e8fef73d334695d
conf_interval_low,208.97244167697968,1753001052470,0,0,6fe5be116b7e45079e8fef73d334695d
conf_interval_high,213.35849722460134,1753001052500,0,0,6fe5be116b7e45079e8fef73d334695d
expected_price,290.6658630371094,1753001073626,0,0,22e4a9e2c1b746b6b403bd81c8298752
average_expected_price,250.6014862060547,1753001073660,0,0,22e4a9e2c1b746b6b403bd81c8298752
num_rows,1256.0,1753001081710,0,0,1bfc9639de224bb69fa9934bbf52e6c2
num_columns,2.0,1753001081743,0,0,1bfc9639de224bb69fa9934bbf52e6c2
num_rows,1256.0,1753001105944,0,0,7233ac641f714ec9816c8b14bd2d91d0
num_columns,2.0,1753001105970,0,0,7233ac641f714ec9816c8b14bd2d91d0
average_expected_price,211.2575485805205,1753001106921,0,0,185b20c1692f4c23b107606feed31f2c
conf_interval_low,209.07973506743681,1753001109373,0,0,185b20c1692f4c23b107606feed31f2c
conf_interval_high,213.48845638854925,1753001109412,0,0,185b20c1692f4c23b107606feed31f2c
expected_price,212.86134338378906,1753001127034,0,0,96a9341218734a2da69487cc13286426
average_expected_price,211.92494201660156,1753001127062,0,0,96a9341218734a2da69487cc13286426
num_rows,1256.0,1753001156409,0,0,87fea5cb0d91433999b9ee8655fd184f
num_columns,2.0,1753001156434,0,0,87fea5cb0d91433999b9ee8655fd184f
average_expected_price,211.26148634840646,1753001157274,0,0,4ac395b832cb440f829f856d87853128
conf_interval_low,209.07604660946907,1753001159377,0,0,4ac395b832cb440f829f856d87853128
conf_interval_high,213.4512850882506,1753001159413,0,0,4ac395b832cb440f829f856d87853128
expected_price,154.0778045654297,1753001176449,0,0,ceae9bd6e85a43db96135d8eb6b18002
average_expected_price,174.13986206054688,1753001176475,0,0,ceae9bd6e85a43db96135d8eb6b18002
num_rows,1256.0,1753001205986,0,0,16e6a88c5ed742c8a4f99c6692162582
num_columns,2.0,1753001206020,0,0,16e6a88c5ed742c8a4f99c6692162582
average_expected_price,211.18135032987607,1753001206850,0,0,0eb35cb4d09f4e1a84baa2ca602c25ad
conf_interval_low,209.02320331548532,1753001208973,0,0,0eb35cb4d09f4e1a84baa2ca602c25ad
conf_interval_high,213.25437625060135,1753001209012,0,0,0eb35cb4d09f4e1a84baa2ca602c25ad
expected_price,190.01675415039062,1753001225412,0,0,86bcfd22f5e549c5accb744df410abc1
average_expected_price,199.1627655029297,1753001225439,0,0,86bcfd22f5e549c5accb744df410abc1
num_rows,1256.0,1753001254910,0,0,b9c788792f964c45acaf3c0125bb4349
num_columns,2.0,1753001254941,0,0,b9c788792f964c45acaf3c0125bb4349
average_expected_price,211.22789003475015,1753001255809,0,0,f8096349bbc74bf097795bcde677f694
conf_interval_low,209.10663722199382,1753001257980,0,0,f8096349bbc74bf097795bcde677f694
conf_interval_high,213.48871291493515,1753001258007,0,0,f8096349bbc74bf097795bcde677f694
expected_price,142.93438720703125,1753001276005,0,0,a6acb3d771a14f1bb6894f0d0bc8ad5c
average_expected_price,169.1054229736328,1753001276031,0,0,a6acb3d771a14f1bb6894f0d0bc8ad5c
num_rows,1256.0,1753001306859,0,0,d3f87586169e428b94f0e5846b696faa
num_columns,2.0,1753001306890,0,0,d3f87586169e428b94f0e5846b696faa
average_expected_price,211.21998334356766,1753001307752,0,0,ec5bd96b1dd745eb81d4ed2a7254ae24
conf_interval_low,209.0580981685175,1753001310209,0,0,ec5bd96b1dd745eb81d4ed2a7254ae24
conf_interval_high,213.4067108595186,1753001310243,0,0,ec5bd96b1dd745eb81d4ed2a7254ae24
expected_price,197.90760803222656,1753001330084,0,0,1f5bbe051c6e436fb681eb04dae5ae5b
average_expected_price,203.45306396484375,1753001330111,0,0,1f5bbe051c6e436fb681eb04dae5ae5b
num_rows,1256.0,1753001361112,0,0,2c3afc220cde487fadafef645a0df266
num_columns,2.0,1753001361139,0,0,2c3afc220cde487fadafef645a0df266
average_expected_price,211.15265058442375,1753001362134,0,0,5c69c4e00f744e36ac202c8f2ba03c9a
conf_interval_low,208.99690045803874,1753001364713,0,0,5c69c4e00f744e36ac202c8f2ba03c9a
conf_interval_high,213.4112311313003,1753001364747,0,0,5c69c4e00f744e36ac202c8f2ba03c9a
expected_price,198.72410583496094,1753001384465,0,0,2cf504bf75b049e38b9ec339485b6542
average_expected_price,203.82635498046875,1753001384495,0,0,2cf504bf75b049e38b9ec339485b6542
num_rows,1256.0,1753001415468,0,0,2093b28f9c8648e391a007af3268e9b7
num_columns,2.0,1753001415501,0,0,2093b28f9c8648e391a007af3268e9b7
average_expected_price,211.27303514350692,1753001416451,0,0,295853accc7a466283029dcdeed1b926
conf_interval_low,209.2215959658093,1753001418850,0,0,295853accc7a466283029dcdeed1b926
conf_interval_high,213.4849257536665,1753001418881,0,0,295853accc7a466283029dcdeed1b926
average_expected_price,211.19951619214757,1753001427993,0,0,cc52191cb8c845ffbafcf66496157e27
conf_interval_low,208.9884461248862,1753001428030,0,0,cc52191cb8c845ffbafcf66496157e27
conf_interval_high,213.27658823395055,1753001428060,0,0,cc52191cb8c845ffbafcf66496157e27
expected_price,217.6371307373047,1753001439436,0,0,1c4678f71a654fd68ef2d82e7bd703b8
average_expected_price,214.71234130859375,1753001439464,0,0,1c4678f71a654fd68ef2d82e7bd703b8
num_rows,1256.0,1753001471763,0,0,5135a033e1e84f9c94762cc59447c6ab
num_columns,2.0,1753001471805,0,0,5135a033e1e84f9c94762cc59447c6ab
expected_price,211.04121196068755,1753001472013,0,0,38d7c826f2354a31b5a3b1ecd926a51f
average_expected_price,211.05028286795564,1753001472042,0,0,38d7c826f2354a31b5a3b1ecd926a51f
average_expected_price,211.16338819702696,1753001472749,0,0,964b99ccb397469f9855d3f6a49fa0df
conf_interval_low,208.82911840857912,1753001475410,0,0,964b99ccb397469f9855d3f6a49fa0df
conf_interval_high,213.35692422447266,1753001475441,0,0,964b99ccb397469f9855d3f6a49fa0df
expected_price,200.40020751953125,1753001493863,0,0,20c72aa6d11641a2a545056e39725911
average_expected_price,204.92091369628906,1753001493887,0,0,20c72aa6d11641a2a545056e39725911
num_rows,1256.0,1753001524280,0,0,dfd4f78a381b4223998ecb0c0491f110
num_columns,2.0,1753001524309,0,0,dfd4f78a381b4223998ecb0c0491f110
average_expected_price,211.20285869499193,1753001525242,0,0,7a6c8b2d30c6466b9794417d30ca961f
conf_interval_low,208.97905931605874,1753001527489,0,0,7a6c8b2d30c6466b9794417d30ca961f
conf_interval_high,213.4512892465902,1753001527527,0,0,7a6c8b2d30c6466b9794417d30ca961f
expected_price,211.04121196068755,1753001538793,0,0,78e091e7c3cf4242b64a03ab2690b769
average_expected_price,211.05028286795564,1753001538825,0,0,78e091e7c3cf4242b64a03ab2690b769
expected_price,174.0001220703125,1753001548689,0,0,3255744730bd433dad6f051fd717bf5f
average_expected_price,188.68133544921875,1753001548714,0,0,3255744730bd433dad6f051fd717bf5f
num_rows,1256.0,1753001579601,0,0,63c64241668b4f8787e7bfda791d4b51
num_columns,2.0,1753001579629,0,0,63c64241668b4f8787e7bfda791d4b51
average_expected_price,211.22244340100198,1753001580564,0,0,667c4b92bdcb4790adbf9ba2af3f8bcb
conf_interval_low,209.01322510144374,1753001583136,0,0,667c4b92bdcb4790adbf9ba2af3f8bcb
conf_interval_high,213.30145888943568,1753001583173,0,0,667c4b92bdcb4790adbf9ba2af3f8bcb
expected_price,174.61245727539062,1753001602221,0,0,fa076189249e4121acc9bb7f470bc6dc
average_expected_price,188.91551208496094,1753001602250,0,0,fa076189249e4121acc9bb7f470bc6dc
num_rows,1256.0,1753001632726,0,0,89e5d395882b402bac95c881cccd55af
num_columns,2.0,1753001632751,0,0,89e5d395882b402bac95c881cccd55af
average_expected_price,211.16952140053075,1753001633617,0,0,1cd20f8bbb614631b1bfc53bd1044b89
conf_interval_low,209.03821805070066,1753001635813,0,0,1cd20f8bbb614631b1bfc53bd1044b89
conf_interval_high,213.36607189166526,1753001635854,0,0,1cd20f8bbb614631b1bfc53bd1044b89
expected_price,197.6771240234375,1753001655131,0,0,ee979253b07f4fc28756068686932934
average_expected_price,203.28793334960938,1753001655156,0,0,ee979253b07f4fc28756068686932934
expected_price,211.04121196068755,1753001684849,0,0,27369ffd6538415b9009703072ad3c82
average_expected_price,211.05028286795564,1753001684882,0,0,27369ffd6538415b9009703072ad3c82
num_rows,1256.0,1753001687384,0,0,10446994eff04af78f73d0227850087f
num_columns,2.0,1753001687412,0,0,10446994eff04af78f73d0227850087f
average_expected_price,211.14563163552663,1753001688340,0,0,1fa9ac834b384ebe89afcd88a3d5301b
conf_interval_low,209.01991695806316,1753001690018,0,0,1fa9ac834b384ebe89afcd88a3d5301b
conf_interval_high,213.29944193334563,1753001690055,0,0,1fa9ac834b384ebe89afcd88a3d5301b
expected_price,211.04121196068755,1753001705808,0,0,1070a32538714175b5552e68b9f86de0
average_expected_price,211.05028286795564,1753001705846,0,0,1070a32538714175b5552e68b9f86de0
expected_price,292.1396789550781,1753001708917,0,0,eac3031f87d643a09acb76bd8e35ce51
average_expected_price,254.47254943847656,1753001708944,0,0,eac3031f87d643a09acb76bd8e35ce51
expected_price,211.04121196068755,1753001740739,0,0,af046089b5ed4227968c86774b09e9d4
average_expected_price,211.05028286795564,1753001740769,0,0,af046089b5ed4227968c86774b09e9d4
num_rows,1256.0,1753001742513,0,0,52d1ae71dc38448882a049062114a4a3
num_columns,2.0,1753001742541,0,0,52d1ae71dc38448882a049062114a4a3
average_expected_price,211.2494607785311,1753001743441,0,0,7341cde4fb9443eeaaa33912f112d5d2
conf_interval_low,209.07949048495973,1753001745627,0,0,7341cde4fb9443eeaaa33912f112d5d2
conf_interval_high,213.5845762217995,1753001745672,0,0,7341cde4fb9443eeaaa33912f112d5d2
expected_price,196.61013793945312,1753001763748,0,0,b402af8c7bf84297ac9a060d097d84f4
average_expected_price,202.26832580566406,1753001763774,0,0,b402af8c7bf84297ac9a060d097d84f4
num_rows,1256.0,1753001795904,0,0,53edf34dec4a48118943d983c78a75f6
num_columns,2.0,1753001795934,0,0,53edf34dec4a48118943d983c78a75f6
average_expected_price,211.25640913340868,1753001796965,0,0,c9c2b6969cdb42db9447e856a6102ffa
conf_interval_low,209.05552769881444,1753001799431,0,0,c9c2b6969cdb42db9447e856a6102ffa
conf_interval_high,213.4546945659277,1753001799461,0,0,c9c2b6969cdb42db9447e856a6102ffa
expected_price,357.69488525390625,1753001818408,0,0,7c867935ef7c4700bb07e57ff8fbdcd6
average_expected_price,276.8349609375,1753001818432,0,0,7c867935ef7c4700bb07e57ff8fbdcd6
num_rows,1256.0,1753001849066,0,0,51b01a2d681a434889bae6a24992ff68
num_columns,2.0,1753001849098,0,0,51b01a2d681a434889bae6a24992ff68
average_expected_price,211.25224904146663,1753001849962,0,0,3a03013c35a44ac0adc20a0d1fac49dc
conf_interval_low,209.07927552537416,1753001852240,0,0,3a03013c35a44ac0adc20a0d1fac49dc
conf_interval_high,213.41883468679976,1753001852270,0,0,3a03013c35a44ac0adc20a0d1fac49dc
expected_price,170.9368438720703,1753001869544,0,0,4234b24ccfc148e5b1643bb1e3952405
average_expected_price,186.64022827148438,1753001869575,0,0,4234b24ccfc148e5b1643bb1e3952405
expected_price_montecarlo,211.25224904146663,1753001876626,0,0,8c07e6d8424541f3beb1717dd2b7d449
expected_price_arima,211.04121330169968,1753001876650,0,0,8c07e6d8424541f3beb1717dd2b7d449
expected_price_lstm,170.9368438720703,1753001876675,0,0,8c07e6d8424541f3beb1717dd2b7d449
hybrid_expected_price,197.74343540507888,1753001876702,0,0,8c07e6d8424541f3beb1717dd2b7d449
average_expected_price_montecarlo,211.25224904146663,1753001876732,0,0,8c07e6d8424541f3beb1717dd2b7d449
average_expected_price_arima,211.0502842283633,1753001876761,0,0,8c07e6d8424541f3beb1717dd2b7d449
average_expected_price_lstm,186.64022827148438,1753001876785,0,0,8c07e6d8424541f3beb1717dd2b7d449
hybrid_average_expected_price,202.98092051377145,1753001876811,0,0,8c07e6d8424541f3beb1717dd2b7d449
num_rows,1256.0,1753003049294,0,0,2e46be6ea8e4475a9bba81f7ff6d668c
num_columns,2.0,1753003049334,0,0,2e46be6ea8e4475a9bba81f7ff6d668c
average_expected_price,211.29652848788652,1753003050296,0,0,f938a7020c8f4eb3b866946f1b08e295
conf_interval_low,209.14384220247177,1753003053109,0,0,f938a7020c8f4eb3b866946f1b08e295
conf_interval_high,213.56629679931527,1753003053158,0,0,f938a7020c8f4eb3b866946f1b08e295
expected_price,297.1455383300781,1753003073616,0,0,755c7a8f01c84dee8386f9c65fb8b96a
average_expected_price,256.5203857421875,1753003073665,0,0,755c7a8f01c84dee8386f9c65fb8b96a
expected_price_montecarlo,211.29652848788652,1753003081550,0,0,6ac888c254b54ece812a2b20364aa705
expected_price_arima,211.0412126982132,1753003081587,0,0,6ac888c254b54ece812a2b20364aa705
expected_price_lstm,297.1455383300781,1753003081624,0,0,6ac888c254b54ece812a2b20364aa705
hybrid_expected_price,239.82775983872594,1753003081657,0,0,6ac888c254b54ece812a2b20364aa705
average_expected_price_montecarlo,211.29652848788652,1753003081690,0,0,6ac888c254b54ece812a2b20364aa705
average_expected_price_arima,211.05028359608028,1753003081725,0,0,6ac888c254b54ece812a2b20364aa705
average_expected_price_lstm,256.5203857421875,1753003081759,0,0,6ac888c254b54ece812a2b20364aa705
hybrid_average_expected_price,226.28906594205145,1753003081794,0,0,6ac888c254b54ece812a2b20364aa705
num_rows,1256.0,1753003537826,0,0,345555ecad524f98b0d43be01a71d380
num_columns,2.0,1753003537864,0,0,345555ecad524f98b0d43be01a71d380
expected_price,211.0412115160855,1753003548010,0,0,73524404152a438abb9f9f8d321dcf90
average_expected_price,211.05028232150775,1753003548053,0,0,73524404152a438abb9f9f8d321dcf90
average_expected_price,211.18020855160276,1753003628380,0,0,cf9137f4dba04348849ad6bc2a3a8b85
conf_interval_low,209.04921335322678,1753003628421,0,0,cf9137f4dba04348849ad6bc2a3a8b85
conf_interval_high,213.46482361064545,1753003628461,0,0,cf9137f4dba04348849ad6bc2a3a8b85
num_rows,1256.0,1753006738046,0,0,7fce726219294b18ab28be7e572c099c
num_columns,2.0,1753006738078,0,0,7fce726219294b18ab28be7e572c099c
average_expected_price,211.23242568162428,1753006738966,0,0,02dfaff2030a4ad2bb6c013e1276521c
conf_interval_low,209.0766550884409,1753006741732,0,0,02dfaff2030a4ad2bb6c013e1276521c
conf_interval_high,213.34227068080745,1753006741766,0,0,02dfaff2030a4ad2bb6c013e1276521c
expected_price,203.40069580078125,1753006760582,0,0,b1fa8f52d00b4acc8a3d54ac96b0a9e9
average_expected_price,206.4060516357422,1753006760609,0,0,b1fa8f52d00b4acc8a3d54ac96b0a9e9
num_rows,1256.0,1753006793163,0,0,c93a3a0af6f242588c96107ada852452
num_columns,2.0,1753006793195,0,0,c93a3a0af6f242588c96107ada852452
average_expected_price,211.1914619539407,1753006794111,0,0,3590764cb64346598242dbfd670375d5
conf_interval_low,208.93246698969108,1753006796665,0,0,3590764cb64346598242dbfd670375d5
conf_interval_high,213.3259496104109,1753006796698,0,0,3590764cb64346598242dbfd670375d5
expected_price,126.64635467529297,1753006817563,0,0,d23c57baa4c540119b7f9426156102bc
average_expected_price,152.22201538085938,1753006817599,0,0,d23c57baa4c540119b7f9426156102bc
num_rows,1256.0,1753006827096,0,0,6298408f6f6c4820ba79c352ae81524a
num_columns,2.0,1753006827131,0,0,6298408f6f6c4820ba79c352ae81524a
num_rows,1256.0,1753006850162,0,0,99dce88caf014d78981d0774f7884901
num_columns,2.0,1753006850194,0,0,99dce88caf014d78981d0774f7884901
average_expected_price,211.24668803598982,1753006851285,0,0,5337c674a90644f6a51614795ecc1a94
conf_interval_low,208.90612823939875,1753006854136,0,0,5337c674a90644f6a51614795ecc1a94
conf_interval_high,213.55003610940736,1753006854173,0,0,5337c674a90644f6a51614795ecc1a94
expected_price,182.0176239013672,1753006877712,0,0,3c1e4160aa2747479e43c6dcace38769
average_expected_price,194.31690979003906,1753006877743,0,0,3c1e4160aa2747479e43c6dcace38769
expected_price,165.85757446289062,1753006880002,0,0,8fc0e8ff1bc14f928af8aa0327543a36
average_expected_price,182.90609741210938,1753006880034,0,0,8fc0e8ff1bc14f928af8aa0327543a36
num_rows,1256.0,1753006910975,0,0,295023462f2b48598f77aaa4a4d6caa5
num_columns,2.0,1753006911003,0,0,295023462f2b48598f77aaa4a4d6caa5
average_expected_price,211.2079018736742,1753006911948,0,0,267b31a3947245f48d13ed6029811112
conf_interval_low,209.02385120861416,1753006914159,0,0,267b31a3947245f48d13ed6029811112
conf_interval_high,213.3809260929241,1753006914202,0,0,267b31a3947245f48d13ed6029811112
expected_price,185.84408569335938,1753006931428,0,0,27a995b9f0d84e89994deb7deaf9cebb
average_expected_price,197.24960327148438,1753006931453,0,0,27a995b9f0d84e89994deb7deaf9cebb
num_rows,1256.0,1753006960692,0,0,b6e39466c35a4d7da94ed6347f16677b
num_columns,2.0,1753006960722,0,0,b6e39466c35a4d7da94ed6347f16677b
average_expected_price,211.21658445503348,1753006961659,0,0,767cd6e19c484380bdd35385d6febae0
conf_interval_low,208.8371858106674,1753006963882,0,0,767cd6e19c484380bdd35385d6febae0
conf_interval_high,213.43721983386044,1753006963923,0,0,767cd6e19c484380bdd35385d6febae0
expected_price,190.1609344482422,1753006981153,0,0,7cc98c7118134417907df5a085fe9c6f
average_expected_price,199.825439453125,1753006981177,0,0,7cc98c7118134417907df5a085fe9c6f
num_rows,1256.0,1753007012526,0,0,ab09109b96804a7cbf135e9fa84800c4
num_columns,2.0,1753007012556,0,0,ab09109b96804a7cbf135e9fa84800c4
average_expected_price,211.20463450190925,1753007013515,0,0,39233551f9eb47b589a62f1f15188110
conf_interval_low,209.0090798279526,1753007015656,0,0,39233551f9eb47b589a62f1f15188110
conf_interval_high,213.50236369938477,1753007015687,0,0,39233551f9eb47b589a62f1f15188110
expected_price,227.3999786376953,1753007034281,0,0,960e6de8568147b7ad5d60f296c1d1a8
average_expected_price,219.65316772460938,1753007034310,0,0,960e6de8568147b7ad5d60f296c1d1a8
num_rows,1256.0,1753007066077,0,0,2c1f611a67784b24945d28028723347a
num_columns,2.0,1753007066117,0,0,2c1f611a67784b24945d28028723347a
average_expected_price,211.2471320444608,1753007067071,0,0,7f44057052b24e82a20e329eb03cadaf
conf_interval_low,209.15292359427053,1753007068497,0,0,7f44057052b24e82a20e329eb03cadaf
conf_interval_high,213.4293621159724,1753007068535,0,0,7f44057052b24e82a20e329eb03cadaf
expected_price,159.21963500976562,1753007087124,0,0,c88a77c86ad04515b3a6dcf59f649c0e
average_expected_price,180.6904296875,1753007087150,0,0,c88a77c86ad04515b3a6dcf59f649c0e
num_rows,1256.0,1753007116750,0,0,42dffd007784452cadb6be9d7d26b464
num_columns,2.0,1753007116779,0,0,42dffd007784452cadb6be9d7d26b464
average_expected_price,211.17329604354356,1753007117620,0,0,6f23dc9891154643bab5957af7a15401
conf_interval_low,209.08446525841993,1753007119759,0,0,6f23dc9891154643bab5957af7a15401
conf_interval_high,213.4602219906304,1753007119813,0,0,6f23dc9891154643bab5957af7a15401
expected_price,161.9411163330078,1753007135640,0,0,f3dc50dab70b4512b7908fd647676488
average_expected_price,181.51893615722656,1753007135670,0,0,f3dc50dab70b4512b7908fd647676488
num_rows,1256.0,1753007166212,0,0,5ab1f0ab553c42c98340a5a277fa4bc8
num_columns,2.0,1753007166247,0,0,5ab1f0ab553c42c98340a5a277fa4bc8
average_expected_price,211.14107585441047,1753007167260,0,0,a8bb06494ea74eafac4815e016f96cb2
conf_interval_low,208.91186456890873,1753007169904,0,0,a8bb06494ea74eafac4815e016f96cb2
conf_interval_high,213.44299909463498,1753007169943,0,0,a8bb06494ea74eafac4815e016f96cb2
expected_price,183.07237243652344,1753007188094,0,0,8042e31ea8c548bb9e12a840d1c87150
average_expected_price,193.59664916992188,1753007188124,0,0,8042e31ea8c548bb9e12a840d1c87150
num_rows,1256.0,1753007218647,0,0,375a74b4ea124cc4a43b5924ac87c5c0
num_columns,2.0,1753007218675,0,0,375a74b4ea124cc4a43b5924ac87c5c0
average_expected_price,211.29412562554464,1753007219794,0,0,6f7dfaad8bd84652b104fe4e5408a0c7
conf_interval_low,209.01963099180352,1753007222065,0,0,6f7dfaad8bd84652b104fe4e5408a0c7
conf_interval_high,213.52617367762628,1753007222104,0,0,6f7dfaad8bd84652b104fe4e5408a0c7
expected_price,133.89743041992188,1753007241553,0,0,804d5e19b86941df876fe69fbb4cf2fd
average_expected_price,162.1619110107422,1753007241593,0,0,804d5e19b86941df876fe69fbb4cf2fd
num_rows,1256.0,1753007272420,0,0,dc54efdd745a4080b696efea9e2f16d8
num_columns,2.0,1753007272190,0,0,dc54efdd745a4080b696efea9e2f16d8
average_expected_price,211.22634034017628,1753007272407,0,0,95cb77fe10624cc8817a5d70ed458832
conf_interval_low,209.00970642662259,1753007274870,0,0,95cb77fe10624cc8817a5d70ed458832
conf_interval_high,213.58541522578443,1753007274905,0,0,95cb77fe10624cc8817a5d70ed458832
expected_price,163.5663299560547,1753007293904,0,0,b14ddf1e4f7b440dbcefdc57d2bc4554
average_expected_price,181.66769409179688,1753007293932,0,0,b14ddf1e4f7b440dbcefdc57d2bc4554
num_rows,1256.0,1753007325648,0,0,da469441ccfa4f04b44e0b1f4dbb5043
num_columns,2.0,1753007325676,0,0,da469441ccfa4f04b44e0b1f4dbb5043
average_expected_price,211.22750285052012,1753007326629,0,0,ccecde72c8b04bae8a3f5ffb0bf17c67
conf_interval_low,209.05953306929953,1753007329201,0,0,ccecde72c8b04bae8a3f5ffb0bf17c67
conf_interval_high,213.361589550921,1753007329239,0,0,ccecde72c8b04bae8a3f5ffb0bf17c67
expected_price,219.2940673828125,1753007347562,0,0,6b0ff57804ed4e8cadf24913be942e3c
average_expected_price,215.626953125,1753007347593,0,0,6b0ff57804ed4e8cadf24913be942e3c
num_rows,1256.0,1753007379382,0,0,c72f3537cf9f47c5a27cf8164d6b53a1
num_columns,2.0,1753007379412,0,0,c72f3537cf9f47c5a27cf8164d6b53a1
average_expected_price,211.20530346554997,1753007380384,0,0,5c42ab6c82a44172a1739b4ca9ce62de
conf_interval_low,208.94655902594553,1753007382955,0,0,5c42ab6c82a44172a1739b4ca9ce62de
conf_interval_high,213.40084394075947,1753007382993,0,0,5c42ab6c82a44172a1739b4ca9ce62de
expected_price,221.09616088867188,1753007402340,0,0,9c68aeb353dc42319306697ef0e81a8d
average_expected_price,216.33950805664062,1753007402372,0,0,9c68aeb353dc42319306697ef0e81a8d
num_rows,1256.0,1753007432956,0,0,649483f08dfc455699bbf760ac21e079
num_columns,2.0,1753007432989,0,0,649483f08dfc455699bbf760ac21e079
average_expected_price,211.1164069183701,1753007433899,0,0,8873f9f8b5e945f49bff3f65d45a01cf
conf_interval_low,209.01987954703338,1753007436057,0,0,8873f9f8b5e945f49bff3f65d45a01cf
conf_interval_high,213.39763350881688,1753007436085,0,0,8873f9f8b5e945f49bff3f65d45a01cf
expected_price,179.5614471435547,1753007453620,0,0,fe040418d58a4faf903f493981faf9fd
average_expected_price,191.81011962890625,1753007453652,0,0,fe040418d58a4faf903f493981faf9fd
num_rows,1256.0,1753007483586,0,0,f75bad094e9347398f3479abda17b87c
num_columns,2.0,1753007483616,0,0,f75bad094e9347398f3479abda17b87c
average_expected_price,211.20474160897516,1753007484509,0,0,7b5eb40ab2b948e6975b979693da73db
conf_interval_low,209.0682360568377,1753007486679,0,0,7b5eb40ab2b948e6975b979693da73db
conf_interval_high,213.38141966538473,1753007486722,0,0,7b5eb40ab2b948e6975b979693da73db
expected_price,251.04823303222656,1753007504145,0,0,0e64f0d2a78b4abfbd5d217e4296d749
average_expected_price,231.8168487548828,1753007504176,0,0,0e64f0d2a78b4abfbd5d217e4296d749
num_rows,1256.0,1753007534730,0,0,3a424b4d421e47c799f268b22a7fe40c
num_columns,2.0,1753007534757,0,0,3a424b4d421e47c799f268b22a7fe40c
average_expected_price,211.20607166653295,1753007535615,0,0,6178d33081c04363b6059b034928b4bd
conf_interval_low,208.98959863034693,1753007537765,0,0,6178d33081c04363b6059b034928b4bd
conf_interval_high,213.41190749546342,1753007537805,0,0,6178d33081c04363b6059b034928b4bd
expected_price,176.44813537597656,1753007556010,0,0,331e460550d44c998c7c0c081ad37218
average_expected_price,190.85585021972656,1753007556038,0,0,331e460550d44c998c7c0c081ad37218
num_rows,1256.0,1753007586899,0,0,d2d6d4adccc64725a970963b23781d0e
num_columns,2.0,1753007586933,0,0,d2d6d4adccc64725a970963b23781d0e
average_expected_price,211.18885467651376,1753007587830,0,0,6616e37ab3084d979a60669689c1dd9a
conf_interval_low,208.99369707146386,1753007590227,0,0,6616e37ab3084d979a60669689c1dd9a
conf_interval_high,213.53227706518626,1753007590269,0,0,6616e37ab3084d979a60669689c1dd9a
expected_price,354.1304016113281,1753007609092,0,0,26e38bb5496b46e9a9ff762174ccc55e
average_expected_price,274.3430480957031,1753007609128,0,0,26e38bb5496b46e9a9ff762174ccc55e
num_rows,1256.0,1753008112408,0,0,f3d0537fcd934ebb82d85141b4f368f3
num_columns,2.0,1753008112455,0,0,f3d0537fcd934ebb82d85141b4f368f3
average_expected_price,211.13586435296403,1753008113485,0,0,c12515c2bb4a4cdb84e880430a44e820
conf_interval_low,208.89312743030857,1753008116522,0,0,c12515c2bb4a4cdb84e880430a44e820
conf_interval_high,213.3791125981403,1753008116576,0,0,c12515c2bb4a4cdb84e880430a44e820
expected_price,282.66644287109375,1753008136664,0,0,ac448ef4a3d54c999309dc387ef3310f
average_expected_price,246.9369659423828,1753008136700,0,0,ac448ef4a3d54c999309dc387ef3310f
num_rows,1256.0,1753008167327,0,0,8ada180a2b40450fb9f5b718011696f9
num_columns,2.0,1753008167360,0,0,8ada180a2b40450fb9f5b718011696f9
average_expected_price,211.20790283198426,1753008168288,0,0,33406ed93f4649ee8f3f4295341890ef
conf_interval_low,209.01490287975554,1753008170496,0,0,33406ed93f4649ee8f3f4295341890ef
conf_interval_high,213.31055934977158,1753008170545,0,0,33406ed93f4649ee8f3f4295341890ef
expected_price,181.09799194335938,1753008189057,0,0,b586440284cf48c49222f3a07bed5d4f
average_expected_price,193.376708984375,1753008189094,0,0,b586440284cf48c49222f3a07bed5d4f
num_rows,1256.0,1753008218223,0,0,718abfffc5894e79b997c494c178b7c8
num_columns,2.0,1753008218256,0,0,718abfffc5894e79b997c494c178b7c8
average_expected_price,211.2126643782648,1753008219164,0,0,ed857f100c344b7db0b434b39bda6dd1
conf_interval_low,208.83372625624048,1753008221336,0,0,ed857f100c344b7db0b434b39bda6dd1
conf_interval_high,213.58811600994585,1753008221376,0,0,ed857f100c344b7db0b434b39bda6dd1
expected_price,193.90951538085938,1753008238270,0,0,a96bc6203515496ea65f2d54b440cebc
average_expected_price,201.2538299560547,1753008238307,0,0,a96bc6203515496ea65f2d54b440cebc
num_rows,1256.0,1753008267636,0,0,236e06bf1c4f4d85820bc3dd43bd8444
num_columns,2.0,1753008267673,0,0,236e06bf1c4f4d85820bc3dd43bd8444
average_expected_price,211.17154265152004,1753008268604,0,0,1a601db5c3f943ed8db8bc79f40337f7
conf_interval_low,209.01221427403212,1753008270726,0,0,1a601db5c3f943ed8db8bc79f40337f7
conf_interval_high,213.24487082231846,1753008270772,0,0,1a601db5c3f943ed8db8bc79f40337f7
expected_price,171.30865478515625,1753008287836,0,0,cc16944e64ad4f55aea99511d666c7a7
average_expected_price,185.66217041015625,1753008287870,0,0,cc16944e64ad4f55aea99511d666c7a7
num_rows,1256.0,1753008317870,0,0,a60e70c347814fc6883fb3082667bb81
num_columns,2.0,1753008317905,0,0,a60e70c347814fc6883fb3082667bb81
average_expected_price,211.26769545371832,1753008319101,0,0,5d03ee2279dc4db9be3b8c89d2d13093
conf_interval_low,209.1175465325726,1753008321402,0,0,5d03ee2279dc4db9be3b8c89d2d13093
conf_interval_high,213.5022256638379,1753008321456,0,0,5d03ee2279dc4db9be3b8c89d2d13093
expected_price,169.3277130126953,1753008343276,0,0,65101e5d321249138e52e70ddfc948bc
average_expected_price,186.939453125,1753008343314,0,0,65101e5d321249138e52e70ddfc948bc
num_rows,1256.0,1753008376242,0,0,0a9f98c356724745bdfb4b644f832ffd
num_columns,2.0,1753008376280,0,0,0a9f98c356724745bdfb4b644f832ffd
average_expected_price,211.19375594821923,1753008377234,0,0,70af5970524d491989e4dee395f1b0b2
conf_interval_low,208.9426855694012,1753008379660,0,0,70af5970524d491989e4dee395f1b0b2
conf_interval_high,213.42728798560054,1753008379699,0,0,70af5970524d491989e4dee395f1b0b2
expected_price,240.48834228515625,1753008399753,0,0,e79fd7d015b8407b92a50cdcaee85072
average_expected_price,227.39666748046875,1753008399797,0,0,e79fd7d015b8407b92a50cdcaee85072
num_rows,1256.0,1753008437049,0,0,d72539667e9f44718ac195044c820115
num_columns,2.0,1753008437090,0,0,d72539667e9f44718ac195044c820115
average_expected_price,211.18356445473538,1753008438311,0,0,ee0996199df9419d933eabb10512455f
conf_interval_low,208.99717457977982,1753008441864,0,0,ee0996199df9419d933eabb10512455f
conf_interval_high,213.28213077251706,1753008441906,0,0,ee0996199df9419d933eabb10512455f
expected_price,205.7821044921875,1753008465752,0,0,bab57508e7c04d9cbdcc61bcd0b39bca
average_expected_price,207.96356201171875,1753008465798,0,0,bab57508e7c04d9cbdcc61bcd0b39bca
num_rows,1256.0,1753009185302,0,0,e81b587ce8b84a729b9f3fc022b42860
num_columns,2.0,1753009185340,0,0,e81b587ce8b84a729b9f3fc022b42860
average_expected_price,211.1492270262175,1753009186451,0,0,a57358b1077f42c8852abcb976e7e000
conf_interval_low,209.01492909354266,1753009189650,0,0,a57358b1077f42c8852abcb976e7e000
conf_interval_high,213.41131791262578,1753009189687,0,0,a57358b1077f42c8852abcb976e7e000
expected_price,221.99151611328125,1753009212240,0,0,5df4233c7df5453f90df2170275eb97e
average_expected_price,216.82977294921875,1753009212270,0,0,5df4233c7df5453f90df2170275eb97e
expected_price_montecarlo,211.1492270262175,1753009221948,0,0,9eb7c31d0dca43a5bfd926038647f85d
expected_price_arima,211.04121213496194,1753009221982,0,0,9eb7c31d0dca43a5bfd926038647f85d
expected_price_lstm,221.99151611328125,1753009222020,0,0,9eb7c31d0dca43a5bfd926038647f85d
hybrid_expected_price,214.72731842482025,1753009222050,0,0,9eb7c31d0dca43a5bfd926038647f85d
average_expected_price_montecarlo,211.1492270262175,1753009222080,0,0,9eb7c31d0dca43a5bfd926038647f85d
average_expected_price_arima,211.05028304403993,1753009222115,0,0,9eb7c31d0dca43a5bfd926038647f85d
average_expected_price_lstm,216.82977294921875,1753009222171,0,0,9eb7c31d0dca43a5bfd926038647f85d
hybrid_average_expected_price,213.00976100649208,1753009222212,0,0,9eb7c31d0dca43a5bfd926038647f85d
num_rows,1256.0,1753009312842,0,0,1eb737b907e9437dbd562743f06a770b
num_columns,2.0,1753009312879,0,0,1eb737b907e9437dbd562743f06a770b
average_expected_price,211.18991203360144,1753009359390,0,0,d79143eab11142bb887d34a1feeb3bcb
conf_interval_low,208.88822300782485,1753009359427,0,0,d79143eab11142bb887d34a1feeb3bcb
conf_interval_high,213.37684366308355,1753009359472,0,0,d79143eab11142bb887d34a1feeb3bcb
expected_price,211.0412127700536,1753009375822,0,0,beade18fd81a425fb646b1363d1d7a0c
average_expected_price,211.05028367986327,1753009375864,0,0,beade18fd81a425fb646b1363d1d7a0c
expected_price,189.4175567626953,1753009407751,0,0,cba9c560578047399c73d14674553f24
average_expected_price,198.57118225097656,1753009407787,0,0,cba9c560578047399c73d14674553f24
num_rows,1256.0,1753011133304,0,0,f6688005cc874474a50d6e0152f4be01
num_columns,2.0,1753011133349,0,0,f6688005cc874474a50d6e0152f4be01
average_expected_price,211.2156000764516,1753011134983,0,0,015b245d114840029e2afcc986685917
conf_interval_low,208.98781586866738,1753011136621,0,0,015b245d114840029e2afcc986685917
conf_interval_high,213.35003462357582,1753011136675,0,0,015b245d114840029e2afcc986685917
expected_price,184.78457641601562,1753011160855,0,0,71c8a202174d48adbfd3591d1efa2082
average_expected_price,196.37229919433594,1753011160934,0,0,71c8a202174d48adbfd3591d1efa2082
num_rows,1256.0,1753011196708,0,0,f994fad18e7944c48c6f4067cb43911a
num_columns,2.0,1753011196753,0,0,f994fad18e7944c48c6f4067cb43911a
average_expected_price,211.15905287943846,1753011198091,0,0,cf6ae72d5f464d348798b5dc5ba7c29d
conf_interval_low,208.88833090470487,1753011201268,0,0,cf6ae72d5f464d348798b5dc5ba7c29d
conf_interval_high,213.5438472183316,1753011201323,0,0,cf6ae72d5f464d348798b5dc5ba7c29d
expected_price,177.47613525390625,1753011224864,0,0,cf2b2a3f536646d19437c310003c1e0f
average_expected_price,190.43167114257812,1753011224912,0,0,cf2b2a3f536646d19437c310003c1e0f
num_rows,1256.0,1753011263661,0,0,cd66d31cd8ee4dcd8c7d4e74c57508f2
num_columns,2.0,1753011263704,0,0,cd66d31cd8ee4dcd8c7d4e74c57508f2
average_expected_price,211.20359505831274,1753011264929,0,0,fb1a0c35b5ed480d91356fdca1299f6f
conf_interval_low,208.99560806392117,1753011267770,0,0,fb1a0c35b5ed480d91356fdca1299f6f
conf_interval_high,213.4569403007697,1753011267822,0,0,fb1a0c35b5ed480d91356fdca1299f6f
expected_price,169.44259643554688,1753011292106,0,0,f818b3285d3747538fa4632b383df70d
average_expected_price,185.6974334716797,1753011292152,0,0,f818b3285d3747538fa4632b383df70d
num_rows,1256.0,1753011330931,0,0,85af534137954ded8ed837b583ddf551
num_columns,2.0,1753011330979,0,0,85af534137954ded8ed837b583ddf551
average_expected_price,211.2223355669478,1753011332166,0,0,aed05dda67524abd880e0632a61906a1
conf_interval_low,209.12873295449535,1753011333847,0,0,aed05dda67524abd880e0632a61906a1
conf_interval_high,213.5166773996986,1753011333896,0,0,aed05dda67524abd880e0632a61906a1
expected_price,228.25621032714844,1753011360837,0,0,dfad72204d244e3690bc0f7ab06ee46c
average_expected_price,220.21539306640625,1753011360882,0,0,dfad72204d244e3690bc0f7ab06ee46c
num_rows,1256.0,1753019124625,0,0,a733b108eec54adb9576ba91fa548ae9
num_columns,2.0,1753019124674,0,0,a733b108eec54adb9576ba91fa548ae9
average_expected_price,211.26577279645406,1753019130963,0,0,cf3e5fb1f78c4a05990d9d9751867869
conf_interval_low,208.9931434710784,1753019131004,0,0,cf3e5fb1f78c4a05990d9d9751867869
conf_interval_high,213.53163050041047,1753019131068,0,0,cf3e5fb1f78c4a05990d9d9751867869
expected_price,211.04121173130628,1753019131190,0,0,ec4c03cbc7684ac5969ef88f58da5361
average_expected_price,211.05028265543112,1753019131227,0,0,ec4c03cbc7684ac5969ef88f58da5361
expected_price,166.91900634765625,1753019159386,0,0,3c35bb7fb34b4734930856ba69b5217b
average_expected_price,185.855224609375,1753019159425,0,0,3c35bb7fb34b4734930856ba69b5217b
expected_price_montecarlo,211.26577279645406,1753019171403,0,0,3b00a74ab7984ea598f01dd792a6c3d9
expected_price_arima,211.04121173130628,1753019171442,0,0,3b00a74ab7984ea598f01dd792a6c3d9
expected_price_lstm,166.91900634765625,1753019171504,0,0,3b00a74ab7984ea598f01dd792a6c3d9
hybrid_expected_price,196.40866362513884,1753019171542,0,0,3b00a74ab7984ea598f01dd792a6c3d9
average_expected_price_montecarlo,211.26577279645406,1753019171581,0,0,3b00a74ab7984ea598f01dd792a6c3d9
average_expected_price_arima,211.05028265543112,1753019171618,0,0,3b00a74ab7984ea598f01dd792a6c3d9
average_expected_price_lstm,185.855224609375,1753019171663,0,0,3b00a74ab7984ea598f01dd792a6c3d9
hybrid_average_expected_price,202.72376002042006,1753019171707,0,0,3b00a74ab7984ea598f01dd792a6c3d9
num_rows,1256.0,1753019696490,0,0,eb5f4bb4c7f545d5bc0a6ff509a842fa
num_columns,2.0,1753019696543,0,0,eb5f4bb4c7f545d5bc0a6ff509a842fa
average_expected_price,211.18248471663333,1753019703755,0,0,41fba490bb014836b423294767bb7983
conf_interval_low,208.90151953354746,1753019703860,0,0,41fba490bb014836b423294767bb7983
conf_interval_high,213.3453497844831,1753019703904,0,0,41fba490bb014836b423294767bb7983
expected_price,211.04121240420312,1753019704256,0,0,4b64ac7ff7bd45d2942bda9b51bb974c
average_expected_price,211.05028333395254,1753019704294,0,0,4b64ac7ff7bd45d2942bda9b51bb974c
expected_price,192.3040008544922,1753019729190,0,0,fde6183b3c7e4c0784542d4559d50a89
average_expected_price,200.26666259765625,1753019729234,0,0,fde6183b3c7e4c0784542d4559d50a89
expected_price_montecarlo,211.18248471663333,1753019738632,0,0,a5dfdd59a8624b81bfa414229f512d1a
expected_price_arima,211.04121240420312,1753019738672,0,0,a5dfdd59a8624b81bfa414229f512d1a
expected_price_lstm,192.3040008544922,1753019738710,0,0,a5dfdd59a8624b81bfa414229f512d1a
hybrid_expected_price,204.84256599177624,1753019738751,0,0,a5dfdd59a8624b81bfa414229f512d1a
average_expected_price_montecarlo,211.18248471663333,1753019738789,0,0,a5dfdd59a8624b81bfa414229f512d1a
average_expected_price_arima,211.05028333395254,1753019738826,0,0,a5dfdd59a8624b81bfa414229f512d1a
average_expected_price_lstm,200.26666259765625,1753019738866,0,0,a5dfdd59a8624b81bfa414229f512d1a
hybrid_average_expected_price,207.4998102160807,1753019738907,0,0,a5dfdd59a8624b81bfa414229f512d1a
num_rows,1256.0,1753020111085,0,0,b0f333a8558b4740ab107964ab8f717a
num_columns,2.0,1753020111127,0,0,b0f333a8558b4740ab107964ab8f717a
expected_price,259.5696716308594,1753020146055,0,0,5a83324a63054d2c87185a839c51542a
average_expected_price,236.7935333251953,1753020146093,0,0,5a83324a63054d2c87185a839c51542a
expected_price,267.943359375,1753020368018,0,0,fbd9205d1fc9417ba141946c827a170d
average_expected_price,238.3184356689453,1753020368050,0,0,fbd9205d1fc9417ba141946c827a170d
expected_price,174.57078552246094,1753020494154,0,0,064cab96fe7a47fe976ae51c19a0735f
average_expected_price,190.99002075195312,1753020494191,0,0,064cab96fe7a47fe976ae51c19a0735f
expected_price,203.73745727539062,1753020710960,0,0,b90fe8f4b03c4aed9204129049de31f1
average_expected_price,207.025390625,1753020710998,0,0,b90fe8f4b03c4aed9204129049de31f1
average_expected_price,211.2207271184768,1753020947116,0,0,5034a7ce1d2140078a171f9c69bbca2f
conf_interval_low,208.97300384822645,1753020947151,0,0,5034a7ce1d2140078a171f9c69bbca2f
conf_interval_high,213.39638263801945,1753020947201,0,0,5034a7ce1d2140078a171f9c69bbca2f
average_expected_price,211.2283337689016,1753021034260,0,0,e952b96fe164442ca985cb1ca1a28375
conf_interval_low,209.03219287839082,1753021034297,0,0,e952b96fe164442ca985cb1ca1a28375
conf_interval_high,213.42271086075687,1753021034340,0,0,e952b96fe164442ca985cb1ca1a28375
average_expected_price,211.19473436494766,1753021108196,0,0,0fef9ca929a141769e812b2cd93cf466
conf_interval_low,208.91980671964262,1753021108241,0,0,0fef9ca929a141769e812b2cd93cf466
conf_interval_high,213.32551715850596,1753021108275,0,0,0fef9ca929a141769e812b2cd93cf466
num_rows,1256.0,1753021303230,0,0,2f8ca5fa72e5400d8d57de71187294ff
num_columns,2.0,1753021303272,0,0,2f8ca5fa72e5400d8d57de71187294ff
average_expected_price,211.20270388904908,1753021308626,0,0,bb5094999b8d4b7aaf42a5ea8accc7c9
conf_interval_low,209.00415154925392,1753021308671,0,0,bb5094999b8d4b7aaf42a5ea8accc7c9
conf_interval_high,213.3412143057098,1753021308733,0,0,bb5094999b8d4b7aaf42a5ea8accc7c9
expected_price,211.0412126792662,1753021317257,0,0,426fdd5f93aa4b619f5b962e7196ff2f
average_expected_price,211.0502835671495,1753021317305,0,0,426fdd5f93aa4b619f5b962e7196ff2f
expected_price,410.4764709472656,1753021347862,0,0,00bdf5ea9c1e4a1caa80bd446fb280f0
average_expected_price,305.35137939453125,1753021347908,0,0,00bdf5ea9c1e4a1caa80bd446fb280f0
expected_price,222.98291015625,1753021577810,0,0,f819ac95027342c79ff6758dc13eb074
average_expected_price,217.61648559570312,1753021577846,0,0,f819ac95027342c79ff6758dc13eb074
average_expected_price,211.22073822511413,1753021768426,0,0,184e3e99810c4b9a8b79e10feacc48fc
conf_interval_low,209.02147222316816,1753021768464,0,0,184e3e99810c4b9a8b79e10feacc48fc
conf_interval_high,213.4754162460164,1753021768504,0,0,184e3e99810c4b9a8b79e10feacc48fc
expected_price,177.96165466308594,1753021905011,0,0,a1fef9523593401f8da3acba38e8fbb2
average_expected_price,190.5657196044922,1753021905048,0,0,a1fef9523593401f8da3acba38e8fbb2
num_rows,1256.0,1753022084609,0,0,b8002bc5709e4993bd16658aaf67d06c
num_columns,2.0,1753022084657,0,0,b8002bc5709e4993bd16658aaf67d06c
average_expected_price,211.18546837018897,1753022096176,0,0,49b4ebd22de54b18839a183ae7f03ccd
conf_interval_low,209.00391616935534,1753022096239,0,0,49b4ebd22de54b18839a183ae7f03ccd
conf_interval_high,213.36941527109863,1753022096286,0,0,49b4ebd22de54b18839a183ae7f03ccd
expected_price,211.04121207424433,1753022096885,0,0,f6d61eda83234e5e8b65e529246b2261
average_expected_price,211.0502830205787,1753022096922,0,0,f6d61eda83234e5e8b65e529246b2261
expected_price,221.8919219970703,1753022125408,0,0,3d53d360131e4444bc00f0a8b60e9587
average_expected_price,216.97634887695312,1753022125457,0,0,3d53d360131e4444bc00f0a8b60e9587
expected_price_montecarlo,211.18546837018897,1753022143503,0,0,fe9d3bb2e2a14493b0a495daafe83701
expected_price_arima,211.04121207424433,1753022143545,0,0,fe9d3bb2e2a14493b0a495daafe83701
expected_price_lstm,221.8919219970703,1753022143586,0,0,fe9d3bb2e2a14493b0a495daafe83701
hybrid_expected_price,214.70620081383456,1753022143625,0,0,fe9d3bb2e2a14493b0a495daafe83701
average_expected_price_montecarlo,211.18546837018897,1753022143664,0,0,fe9d3bb2e2a14493b0a495daafe83701
average_expected_price_arima,211.0502830205787,1753022143702,0,0,fe9d3bb2e2a14493b0a495daafe83701
average_expected_price_lstm,216.97634887695312,1753022143748,0,0,fe9d3bb2e2a14493b0a495daafe83701
hybrid_average_expected_price,213.07070008924026,1753022143787,0,0,fe9d3bb2e2a14493b0a495daafe83701
average_expected_price,211.18125157986063,1753022453186,0,0,5634b231e3d1420396c61d9f2e198cb7
conf_interval_low,209.01356880408457,1753022453232,0,0,5634b231e3d1420396c61d9f2e198cb7
conf_interval_high,213.35245527419085,1753022453273,0,0,5634b231e3d1420396c61d9f2e198cb7
average_expected_price,211.16643575125988,1753022539084,0,0,b704b2494c8842c6bdd93dd868d07fab
conf_interval_low,209.10007919205182,1753022539127,0,0,b704b2494c8842c6bdd93dd868d07fab
conf_interval_high,213.39120953047464,1753022539178,0,0,b704b2494c8842c6bdd93dd868d07fab
average_expected_price,211.23635074634538,1753022695644,0,0,4d887d02580c4328ae555a678176014b
conf_interval_low,209.02882628672268,1753022695684,0,0,4d887d02580c4328ae555a678176014b
conf_interval_high,213.39285351540795,1753022695738,0,0,4d887d02580c4328ae555a678176014b
num_rows,1256.0,1753023603966,0,0,88496464b8f84b79a6d2ad16f9debc0f
num_columns,2.0,1753023604012,0,0,88496464b8f84b79a6d2ad16f9debc0f
average_expected_price,211.25186135654096,1753023609548,0,0,eb35bbd4d93f4e96a243653239943ffb
conf_interval_low,209.1339754636362,1753023609592,0,0,eb35bbd4d93f4e96a243653239943ffb
conf_interval_high,213.41835245129002,1753023609671,0,0,eb35bbd4d93f4e96a243653239943ffb
expected_price,211.04121244685226,1753023609806,0,0,f07a3f6c7c1b4ca3a8da189362f47949
average_expected_price,211.05028333398073,1753023609854,0,0,f07a3f6c7c1b4ca3a8da189362f47949
expected_price,220.3236083984375,1753023635905,0,0,f043553c55c845fe8ee0370767493993
average_expected_price,216.29074096679688,1753023635945,0,0,f043553c55c845fe8ee0370767493993
expected_price_montecarlo,211.25186135654096,1753023646106,0,0,9f7a26f167d84df8b376ceca969f573a
expected_price_arima,211.04121244685226,1753023646142,0,0,9f7a26f167d84df8b376ceca969f573a
expected_price_lstm,220.3236083984375,1753023646175,0,0,9f7a26f167d84df8b376ceca969f573a
hybrid_expected_price,214.20556073394357,1753023646208,0,0,9f7a26f167d84df8b376ceca969f573a
average_expected_price_montecarlo,211.25186135654096,1753023646241,0,0,9f7a26f167d84df8b376ceca969f573a
average_expected_price_arima,211.05028333398073,1753023646275,0,0,9f7a26f167d84df8b376ceca969f573a
average_expected_price_lstm,216.29074096679688,1753023646308,0,0,9f7a26f167d84df8b376ceca969f573a
hybrid_average_expected_price,212.8642952191062,1753023646340,0,0,9f7a26f167d84df8b376ceca969f573a
num_rows,1256.0,1753026036930,0,0,1e7a012cf5ed42c59ddd1c08a360a9c2
num_columns,2.0,1753026036980,0,0,1e7a012cf5ed42c59ddd1c08a360a9c2
average_expected_price,211.19639364751313,1753026046454,0,0,ff81b91685ab4909b6f1c4ba5f047961
conf_interval_low,208.8471523886519,1753026046492,0,0,ff81b91685ab4909b6f1c4ba5f047961
conf_interval_high,213.49756428039706,1753026046556,0,0,ff81b91685ab4909b6f1c4ba5f047961
expected_price,211.04121219527235,1753026046680,0,0,40f165839c744a088e6ad4ccc68c451d
average_expected_price,211.05028312413214,1753026046714,0,0,40f165839c744a088e6ad4ccc68c451d
expected_price,307.6621398925781,1753026072388,0,0,4d030e3cc1254582b00186db450ff7c0
average_expected_price,259.9969177246094,1753026072434,0,0,4d030e3cc1254582b00186db450ff7c0
expected_price_montecarlo,211.19639364751313,1753026092065,0,0,1bb0b5ef40664323b51c6b030dcbde8b
expected_price_arima,211.04121219527235,1753026092101,0,0,1bb0b5ef40664323b51c6b030dcbde8b
expected_price_lstm,307.6621398925781,1753026092145,0,0,1bb0b5ef40664323b51c6b030dcbde8b
hybrid_expected_price,243.29991524512118,1753026092190,0,0,1bb0b5ef40664323b51c6b030dcbde8b
average_expected_price_montecarlo,211.19639364751313,1753026092235,0,0,1bb0b5ef40664323b51c6b030dcbde8b
average_expected_price_arima,211.05028312413214,1753026092282,0,0,1bb0b5ef40664323b51c6b030dcbde8b
average_expected_price_lstm,259.9969177246094,1753026092324,0,0,1bb0b5ef40664323b51c6b030dcbde8b
hybrid_average_expected_price,227.41453149875156,1753026092356,0,0,1bb0b5ef40664323b51c6b030dcbde8b
num_rows,1004.0,1753030287655,0,0,eca7b6bd8ef043cc9bfd1c286ee0f5bb
num_columns,2.0,1753030287696,0,0,eca7b6bd8ef043cc9bfd1c286ee0f5bb
average_expected_price,211.16858733316195,1753030295808,0,0,ff0c1281af644c209344596ca08a0d6e
conf_interval_low,208.997755491479,1753030295839,0,0,ff0c1281af644c209344596ca08a0d6e
conf_interval_high,213.34215661320525,1753030295869,0,0,ff0c1281af644c209344596ca08a0d6e
expected_price,211.02293775826394,1753030297225,0,0,3f820750fac649b7b74c17b1cf577291
average_expected_price,211.0319535982392,1753030297260,0,0,3f820750fac649b7b74c17b1cf577291
expected_price,245.93878173828125,1753030318472,0,0,48273fa8a1ff46f48faa28b7a4dd72e8
average_expected_price,228.0629425048828,1753030318513,0,0,48273fa8a1ff46f48faa28b7a4dd72e8
expected_price_montecarlo,211.16858733316195,1753030334665,0,0,af3fad5e7f58499b818b08f715a03591
expected_price_arima,211.02293775826394,1753030334697,0,0,af3fad5e7f58499b818b08f715a03591
expected_price_lstm,245.93878173828125,1753030334728,0,0,af3fad5e7f58499b818b08f715a03591
hybrid_expected_price,222.71010227656905,1753030334756,0,0,af3fad5e7f58499b818b08f715a03591
average_expected_price_montecarlo,211.16858733316195,1753030334787,0,0,af3fad5e7f58499b818b08f715a03591
average_expected_price_arima,211.0319535982392,1753030334818,0,0,af3fad5e7f58499b818b08f715a03591
average_expected_price_lstm,228.0629425048828,1753030334845,0,0,af3fad5e7f58499b818b08f715a03591
hybrid_average_expected_price,216.75449447876133,1753030334881,0,0,af3fad5e7f58499b818b08f715a03591
num_rows,1256.0,1753037107584,0,0,0b93b36f8e1240319a2ac983b8f29575
num_columns,2.0,1753037107628,0,0,0b93b36f8e1240319a2ac983b8f29575
expected_price,211.0412127813094,1753037116035,0,0,a5a39e96571f431c81a0f3c568c9c568
average_expected_price,211.05028367009845,1753037116064,0,0,a5a39e96571f431c81a0f3c568c9c568
average_expected_price,211.1825081751612,1753037116171,0,0,a44d24dcbe064051b41f969cafeb0437
conf_interval_low,208.88327487861773,1753037116205,0,0,a44d24dcbe064051b41f969cafeb0437
conf_interval_high,213.3754404701335,1753037116248,0,0,a44d24dcbe064051b41f969cafeb0437
expected_price,203.6841583251953,1753037142500,0,0,84407ce9c4d24dbf8205d96a6ae78979
average_expected_price,206.46202087402344,1753037142537,0,0,84407ce9c4d24dbf8205d96a6ae78979
expected_price_montecarlo,211.1825081751612,1753037154728,0,0,c27aa6c1f5f343cea5e394aa42300e3d
expected_price_arima,211.0412127813094,1753037154754,0,0,c27aa6c1f5f343cea5e394aa42300e3d
expected_price_lstm,203.6841583251953,1753037154776,0,0,c27aa6c1f5f343cea5e394aa42300e3d
hybrid_expected_price,208.63595976055532,1753037154798,0,0,c27aa6c1f5f343cea5e394aa42300e3d
average_expected_price_montecarlo,211.1825081751612,1753037154821,0,0,c27aa6c1f5f343cea5e394aa42300e3d
average_expected_price_arima,211.05028367009845,1753037154846,0,0,c27aa6c1f5f343cea5e394aa42300e3d
average_expected_price_lstm,206.46202087402344,1753037154870,0,0,c27aa6c1f5f343cea5e394aa42300e3d
hybrid_average_expected_price,209.56493757309434,1753037154892,0,0,c27aa6c1f5f343cea5e394aa42300e3d
num_rows,1256.0,1753037755910,0,0,260869880a3148149949631816a19515
num_columns,2.0,1753037755957,0,0,260869880a3148149949631816a19515
average_expected_price,211.12317990214603,1753037762108,0,0,4c73f849621e42329f0a494190e21389
conf_interval_low,209.0022293924396,1753037762173,0,0,4c73f849621e42329f0a494190e21389
conf_interval_high,213.18818121232795,1753037762231,0,0,4c73f849621e42329f0a494190e21389
expected_price,211.04121193617283,1753037762315,0,0,c8aeacdde6e949a3bb927a9072770d1c
average_expected_price,211.05028282424038,1753037762353,0,0,c8aeacdde6e949a3bb927a9072770d1c
expected_price,254.01820373535156,1753037786344,0,0,fc98c827b2ea44b486fc30ed3f667179
average_expected_price,233.01007080078125,1753037786387,0,0,fc98c827b2ea44b486fc30ed3f667179
expected_price_montecarlo,211.12317990214603,1753037799831,0,0,190f7ec4d04e4223a21ad8f9b76f0ccb
expected_price_arima,211.04121193617283,1753037799870,0,0,190f7ec4d04e4223a21ad8f9b76f0ccb
expected_price_lstm,254.01820373535156,1753037799907,0,0,190f7ec4d04e4223a21ad8f9b76f0ccb
hybrid_expected_price,225.3941985245568,1753037799944,0,0,190f7ec4d04e4223a21ad8f9b76f0ccb
average_expected_price_montecarlo,211.12317990214603,1753037799980,0,0,190f7ec4d04e4223a21ad8f9b76f0ccb
average_expected_price_arima,211.05028282424038,1753037800022,0,0,190f7ec4d04e4223a21ad8f9b76f0ccb
average_expected_price_lstm,233.01007080078125,1753037800059,0,0,190f7ec4d04e4223a21ad8f9b76f0ccb
hybrid_average_expected_price,218.39451117572256,1753037800098,0,0,190f7ec4d04e4223a21ad8f9b76f0ccb
num_rows,1256.0,1753041270109,0,0,0cd155482ac94320acc154f09f844e4b
num_columns,2.0,1753041270161,0,0,0cd155482ac94320acc154f09f844e4b
average_expected_price,211.26970837943654,1753041275734,0,0,d1aac5af357240c9b47649c8dd36f13d
conf_interval_low,209.0504853540461,1753041275778,0,0,d1aac5af357240c9b47649c8dd36f13d
conf_interval_high,213.38708677254465,1753041275814,0,0,d1aac5af357240c9b47649c8dd36f13d
expected_price,211.04121200146875,1753041277565,0,0,59eac766e9e64bbb94cb9e9527c20881
average_expected_price,211.05028292096324,1753041277602,0,0,59eac766e9e64bbb94cb9e9527c20881
expected_price,223.61111450195312,1753041308719,0,0,9ad76da311284fff8025747fa30e4ebc
average_expected_price,217.57159423828125,1753041308768,0,0,9ad76da311284fff8025747fa30e4ebc
expected_price_montecarlo,211.26970837943654,1753041333675,0,0,8fed7a962b694594913a64517d3a8055
expected_price_arima,211.04121200146875,1753041333719,0,0,8fed7a962b694594913a64517d3a8055
expected_price_lstm,223.61111450195312,1753041333761,0,0,8fed7a962b694594913a64517d3a8055
hybrid_expected_price,215.3073449609528,1753041333804,0,0,8fed7a962b694594913a64517d3a8055
average_expected_price_montecarlo,211.26970837943654,1753041333846,0,0,8fed7a962b694594913a64517d3a8055
average_expected_price_arima,211.05028292096324,1753041333887,0,0,8fed7a962b694594913a64517d3a8055
average_expected_price_lstm,217.57159423828125,1753041333930,0,0,8fed7a962b694594913a64517d3a8055
hybrid_average_expected_price,213.29719517956036,1753041333972,0,0,8fed7a962b694594913a64517d3a8055
num_rows,1256.0,1753042474302,0,0,099bc0298b1e467ebb84f9f2e4d164ef
num_columns,2.0,1753042474355,0,0,099bc0298b1e467ebb84f9f2e4d164ef
average_expected_price,211.29277817444682,1753042481300,0,0,33a8e19b51154d95b95abee3754bf3c3
conf_interval_low,209.084050991256,1753042481346,0,0,33a8e19b51154d95b95abee3754bf3c3
conf_interval_high,213.63004650180483,1753042481383,0,0,33a8e19b51154d95b95abee3754bf3c3
expected_price,211.04121219095913,1753042481736,0,0,bd7334aa48554d6d8666a29cc966dbb6
average_expected_price,211.05028309335367,1753042481775,0,0,bd7334aa48554d6d8666a29cc966dbb6
expected_price,244.85870361328125,1753042509316,0,0,e2b27b7462d94c33b265a257a3a91044
average_expected_price,228.98558044433594,1753042509353,0,0,e2b27b7462d94c33b265a257a3a91044
expected_price_montecarlo,211.29277817444682,1753042530793,0,0,5a1cb67a0bab4c929a37032c596a4a22
expected_price_arima,211.04121219095913,1753042530847,0,0,5a1cb67a0bab4c929a37032c596a4a22
expected_price_lstm,244.85870361328125,1753042530894,0,0,5a1cb67a0bab4c929a37032c596a4a22
hybrid_expected_price,222.3975646595624,1753042530943,0,0,5a1cb67a0bab4c929a37032c596a4a22
average_expected_price_montecarlo,211.29277817444682,1753042530988,0,0,5a1cb67a0bab4c929a37032c596a4a22
average_expected_price_arima,211.05028309335367,1753042531031,0,0,5a1cb67a0bab4c929a37032c596a4a22
average_expected_price_lstm,228.98558044433594,1753042531089,0,0,5a1cb67a0bab4c929a37032c596a4a22
hybrid_average_expected_price,217.10954723737882,1753042531135,0,0,5a1cb67a0bab4c929a37032c596a4a22
